,category,post_date,post_title,comment_date,comment_votes,comment_body,comment_stance,comment_argument,llm_stance,llm_argument
6,council tax,01/02/2025 11:02,Ministers could allow council tax to rise by up to 25% to prevent bankruptcies,01/02/2025 12:12,24.0,I used to work for a large council.,disapprove,council tax is wasted,Disapprove,the comment suggests prior professional experience with local government finances implying a potential skepticism or concern regarding a 25 council tax increase as it likely reflects a practical understanding of budgetary constraints and potential negative impacts on service delivery
11,national insurance,30/10/2024 13:25,Employers' national insurance rise is bigger than predicted as chancellor seeks to raise £40bn in taxes | Politics News,30/10/2024 20:45,0.0,Such a stupid idea when the job market is already weak. Labour are a joke.,disapprove,job market is weak,Disapprove,"the commenter believes increasing national insurance will negatively impact the struggling job market suggesting its a counterproductive policy thus disagreeing with the chancellors intention to raise revenue 
"
12,minimum wage,30/01/2025 19:35,"Karl Williams: Apropos of nothing, in the first six months of 2024, we gave out 1,063 health & care visas to workers from Zimbabwe. They brought with them 10,670 dependants. That's 10 dependants for every (likely minimum wage) social care worker.",31/01/2025 07:17,0.0,I know this is a joke right ? Come on someone say this isnt true. All the illegals coming on a daily basis and now this,disapprove,illegal migrants,Disapprove,"the comment expresses disbelief and outrage framing the visa recipients as illegals and highlighting a disproportionate number of dependents suggesting an inflated and negative view of the situation 
"
13,minimum wage,30/10/2024 17:55,"Xiaowei Xu: The rise in employer costs for low earners (10th percentile) is more than double the rise for average earners. Together with the rise in the minimum wage, this means a big increase in costs for businesses hiring low-paid workers (hospitality, retail etc).",30/10/2024 19:08,17.0,"I guess she missed the bit about employment allowance allowing companies to reduce their NI liability to increase from 5,000 to 10,500..",disapprove,other types of allowance for business,Approve,the commenter is highlighting a mitigating factor  the employment allowance  that directly addresses the concern raised in the title by suggesting businesses can offset increased labor costs through reduced national insurance contributions
17,minimum wage,29/10/2021 12:42,"Jeremy Corbyn MP: Bankers will be as delighted with the Chancellor’s gift of a £4bn tax cut as he appeared to be when he failed to deliver for the most vulnerable, skipped over a proper minimum wage and/or a decent pension (the triple-lock) & hastened climate change (cutting air passenger tax)",29/10/2021 14:01,-16.0,Wait....does he know hes not important anymore?,disapprove,Corbyn is not important ,Disapprove,"the comment expresses a dismissive disbelief at corbyns continued influence and relevance suggesting his criticisms are being ignored which directly contradicts the titles assertion of his ongoing engagement and concern 
"
19,minimum wage,19/08/2022 16:09,Labour sets out plan to link minimum wage to cost of living,20/08/2022 08:41,-1.0,I honestly disagree with shit like this because the Cost of Living varies so much across the UK.,disapprove,regional differences,Disapprove,the commenter expresses outright disagreement using strong language shit like this suggesting a fundamental rejection of the labour partys proposed policy due to perceived inaccuracies regarding the cost of livings regional variations
24,income tax,18/09/2023 07:35,Liz Truss mini-budget nearly included flat 20p rate of income tax. Proposal from Jacob Rees-Mogg described as going ‘full Estonia’.,18/09/2023 08:11,-179.0,Liz Truss must have been one of the first politicians in half a century to take office In Westminster with radical plans to unfuck the UK.,approve,radical plan to save uk,Approve,the comment interprets trusss proposed tax policy as fundamentally disruptive and ambitious aligning with the titles suggestion of a radical approach to address the uks economic problems  a sentiment strongly implied by the unfuck the uk phrasing
38,income tax,12/01/2023 11:19,"The Times has also been told that the Treasury is discussing giving people tax breaks to go back to work Discussion is at an early stage, but there's talk around allowances and even exempting over 50s from income tax",12/01/2023 13:07,3.0,"Whats the point in getting people back in the workforce if they wont tax income. That just stops others getting the jobs that will pay tax and raise the tax burden for them as well. No you dont get a promotion as Dotty is coming out of retirement, BTW heres your income tax raise..",disapprove,unfair for other groups of people,Disapprove,"the commenter fundamentally disagrees with the proposed tax breaks viewing them as detrimental to the wider tax base and potentially hindering career progression for younger workers they express concern about increased tax burdens for those already contributing 
"
39,income tax,25/06/2023 05:48,Starmer indicates he will not raise income tax for top earners,25/06/2023 13:53,5.0,"Ill be honest. Between this, them keeping the triple lock, and saying no to PR Im starting to turn against Labour.",disapprove,won’t support Labour party because of its tax policy,Disapprove,"the commenter expresses frustration with labours policy decisions  specifically tax policy the triple lock and the rejection of proportional representation  suggesting a shift away from supporting the party 
"
40,minimum wage,18/03/2024 17:29,P&O Ferries has paid some crew less than half UK minimum wage,18/03/2024 19:32,31.0,Disgusting however completely legal in their ownership structures and uk laws. About to change apparently but I wouldnt hold my breath. Their sales are up so clearly customers dont give a monkeys,disapprove,customers are not bothered,Disapprove,the comment expresses moral disapproval of the situation disgusting but simultaneously defends the legality of the practice suggesting a cynical view of corporate responsibility and consumer apathy 
41,income tax,21/03/2025 18:34,Income tax at 40pc is becoming the norm in Starmer’s Britain,21/03/2025 18:36,31.0,Ironic given it was the Tories that froze tax thresholds in 2021.,disapprove,Labour is acting in conventional Tory way on tax,Disapprove,"the comment challenges the implication that labours policies are inherently problematic by highlighting a previous action by the conservative government that demonstrably increased tax burdens for many individuals 
"
42,national insurance,20/04/2024 07:34,Jeremy Hunt targets further 2p cut in national insurance,20/04/2024 14:44,1.0,"Tory tax cuts are just temporary. We will pay it back later, with interest, one way or another",disapprove,temporary and people will have to payback later,Disapprove,the comment expresses skepticism towards hunts proposed national insurance cut anticipating that it will ultimately lead to increased taxation in the future reflecting a common critique of conservative fiscal policy
45,minimum wage,29/10/2024 18:29,Minimum wage to rise to £12.21 an hour next year,29/10/2024 22:18,12.0,Seems interesting to increase minimum wage increase employers NI contributions. Large businesses will be able to swallow it up but will this grind smaller businesses into the ground?,disapprove,smaller business will suffer,Disapprove,"the comment expresses concern that the policy change while potentially beneficial for lowwage workers will disproportionately harm smaller businesses through increased employer national insurance contributions suggesting a negative overall impact 
"
50,minimum wage,14/11/2022 22:41,Rishi Sunak to raise minimum wage in boost for poorest,15/11/2022 14:22,6.0,"Most of these comments are peak ukpol. Somehow trying to criticise what is undoubtedly a good move, just because Tory bad.",approve,people who disapprove are too partisan ,Disapprove,"the comment expresses frustration with the common partisan criticism of positive policy changes simply due to the commenters political affiliation reflecting a cynical view of uk political discourse 

"
51,national insurance,25/10/2024 22:43,Chancellor expected to hike employers National Insurance,27/10/2024 11:17,1.0,Can we all calm down about this?,approve,,Disapprove,the comment expresses a desire to deescalate a potentially contentious issue the proposed increase suggesting disagreement with the anticipated policy and a reluctance to engage in further debate
55,council tax,24/01/2025 10:57,Oxford: City's second homes to face 200% council tax charge,24/01/2025 12:09,-1.0,How are they defining this? What are they doing with those who own a second home but let it out?,disapprove,,Disapprove,"the commenter expresses skepticism and a desire for clarification regarding the policys scope specifically questioning the treatment of secondhome owners who rent them out  suggesting the definition and implications are unclear 
"
57,income tax,25/06/2023 05:48,Starmer indicates he will not raise income tax for top earners,25/06/2023 14:06,6.0,There is not much scope left for higher taxes in the UK. The burden is already high and contrary to what I read here sometimes the better off already pay a lot more income tax. You push it higher you get what happened with the 50p rate and avoidance goes through the roof and high earners who can go abroad. The middle class in the UK are squeezed already. Getting the actually rich to pay is not easy as they are mobile but that is a whole another story.,approve,the burden is already high and high earners can move ,Disapprove,the commenter argues against raising income tax on high earners citing past experiences with the 50p rate and concerns about capital flight suggesting the policy would disproportionately harm the middle class and be ineffective
65,council tax,04/02/2025 09:30,Millions face council tax rise of more than 5%,04/02/2025 10:38,11.0,UK needs to decide what it wants it local government to do. So far it has decided to kick the can down the road and let councils go bankrupt. I was hoping labour would recognise how stupid it was. Instead reform tax system and ditch the stupidity.,approve,local government are underfunded,Disapprove,"the commenter believes the uk governments approach to funding local councils has been irresponsible leading to potential bankruptcy and criticizes the labour party for failing to address this systemic issue through tax reform 
"
70,income tax,24/11/2023 17:30,"600,000 miss out on £350 income tax rebate because HMRC insists on using cheques",24/11/2023 19:50,68.0,How you can you claim overpaid income tax,approve,,Approve,"the comment directly addresses the problem highlighted in the title  the inability to receive a rebate due to hmrcs outdated payment method suggesting a desire for a solution to the issue 
"
90,national insurance,04/09/2022 10:13,Paul Brand on Twitter: Liz Truss says “it is fair” that her national insurance cut will benefit the richest to the tune of about £2k and do relatively little for the lowest paid. She argues there has been too much focus on the distribution of income in the past twenty years.,04/09/2022 11:59,33.0,"Im honestly running out of words to argue against what Liz Truss is planning on doing to us. She just lives in a completely alternate reality. Literally nothing that she comes out with has any grounding in observable or verifiable truth. She is determined to bulldoze through her warped version of reality despite the undeniable facts that stand in her way, to the detriment of 99 of the country.",disapprove,Liz Truss is missing the reality,Disapprove,the comment vehemently rejects trusss assertion framing her policies as detached from reality and detrimental to the majority of the population indicating a strong disagreement with the titles summary of her position
93,minimum wage,04/01/2025 18:52,Lowest graduate salaries ‘on a par with minimum wage’ - The shrinking pay gap raises fears that university may be a waste of money for many students and could turn disaffected young people towards political extremes,05/01/2025 00:01,3.0,I see a lot of pundits that I usually think are quite clever talking about this issue edit to be clear Im talking about minimum wage creeping up not wages in general being low but I just think its really overhyped as an issue. The bottom earning 10 of uni grads are ultimately people who are doing jobs that dont require a degree or doing jobs where its kind of accepted the pay is bad until you are established. Im not surprised that puts them not hugely above minimum wage and dont think that should be an argument for lowering minimum wage.,disapprove,the group with degree and earns little is doing jobs that don’t require a degree,Disapprove,the commenter disputes the framing of graduate salaries as a significant problem arguing that many graduates end up in lowpaying jobs regardless of their degree thus minimizing the impact of the reported low salaries on the overall pay gap and the broader issue of university value
94,minimum wage,10/08/2024 21:12,Reeves set to sign off above inflation rise in minimum wage,10/08/2024 22:20,270.0,The problem now with raising the minimum wage now is were very quickly approaching a situation where the minimum wage is basically your average officer worker salary.,disapprove,minimum wage is rising to the level of average officer worker salary,Disapprove,the commenter suggests the proposed minimum wage increase will disproportionately elevate the pay of typical office workers implying its an excessive and unsustainable rise thus disagreeing with the notion of simply sign off on an aboveinflation increase
95,national insurance,04/09/2022 10:13,Paul Brand on Twitter: Liz Truss says “it is fair” that her national insurance cut will benefit the richest to the tune of about £2k and do relatively little for the lowest paid. She argues there has been too much focus on the distribution of income in the past twenty years.,04/09/2022 17:44,1.0,"Well wages havent increased, regardless of the increasing national wealth the wealthy keep skimming all of the cream and a lot of milk too.",disapprove,average people wage is not increased and the wealthy keep benefiting,Disapprove,"the comment directly challenges trusss assertion by highlighting stagnant wages and the perception of wealth concentration arguing that the benefits of economic growth arent reaching lower earners as they should 
"
96,income tax,13/10/2024 19:29,One million top taxpayers pay more than two fifths of all income tax,13/10/2024 20:40,7.0,Well its lucky not all taxation is income based then isnt it the poorer you are the higher of your income goes into taxes and just staying alive,disapprove,higher percentage of income goes into taxes,Disapprove,"the comment challenges the premise of the title by highlighting the disproportionate tax burden on lowerincome individuals suggesting that the system is inherently unfair and penalizes those with limited financial resources 
"
97,minimum wage,18/01/2024 11:09,"Currys Boss Lashes Out at UK Government on Tax Hike, Minimum Wage Increase",18/01/2024 16:31,3.0,"If your business relies on poverty wages for its existence, it doesnt deserve to exist.",disapprove,business that rely on poverty wages don’t deserve to exist,Disapprove,"the comment directly challenges the implied justification of the currys bosss position arguing that businesses profiting from low wages are inherently unsustainable and undeserving of continued operation it employs a moral judgment framing the issue as one of ethical responsibility
"
98,income tax,19/12/2023 14:41,New income tax band for higher earners in Scotland,19/12/2023 21:02,0.0,Yup I wont be voting for snp. Bleeding is dry.,disapprove,SNP is extracting too much,Disapprove,the comment expresses outright opposition to the snp likely due to the proposed income tax increase using a metaphorical and emotionally charged phrase bleeding is dry to convey frustration and a sense of economic hardship
104,council tax,26/12/2024 18:15,Quarter of council tax revenue spent on ‘unjustifiably generous’ staff pensions,26/12/2024 19:11,36.0,"Its not council, but my other half is a kind of civil servant and yeah, the pay is not remotely competitive. The only thing they have going is good benefits defined benefits pension. Theyre already haemorrhaging staff to the private sector as it is.",disapprove,"their pay is not good as private sector, but just some good pension scheme",Disapprove,the commenter uses personal experience to highlight the perceived inadequacy of civil servant pay and benefits specifically emphasizing the attractiveness of defined benefit pensions compared to private sector offerings thus disagreeing with the framing of the council tax expenditure as unjustifiably generous
110,national insurance,03/11/2024 11:48,Kemi Badenoch refuses to promise National Insurance tax raid reversal,03/11/2024 12:25,20.0,Theres no reason for her to promise anything as by the time we get to the post where she can actually change things the situation will be different.,approve,no need to promise for the sake of next election cycle,Disapprove,"the comment expresses skepticism about kemi badenochs ability to enact change suggesting that the current economic circumstances are too fluid for any promises to be reliably fulfilled its a pragmatic somewhat cynical view reflecting a belief in the inherent unpredictability of political outcomes
"
114,poverty,05/12/2024 01:47,How poverty rate is higher among immigrants if immigration requires proof of funds/income?,05/12/2024 08:55,-3.0,"The issue is mostly a wealth question a significantly larger proportion of foreign born people are private renters 40 v 15 compared to the UK born who are more likely to be owner occupiers 68 v 48. Were not checking if you have enough money to buy a house, were checking if you have enough money to rent. Poverty rates for foreign born people are similar by tenure to UK born people, but higher for social renters than owner occupiers.",disapprove,need to consider the high rental rate for the foreign born people,Approve,"the comment directly addresses the implied concern in the title by highlighting the difference in housing tenure between immigrants and nativeborn residents arguing that poverty rates are linked to rental status rather than initial financial resources 
"
119,income tax,22/06/2024 23:51,Would a wealth adjusted income tax make sense?,23/06/2024 00:23,5.0,It would make more sense just to tax property more effectively and productively than to make income tax even more complicated,disapprove,just to tax property effectively and don’t make income tax complicated,Disapprove,"the commenter suggests a shift in taxation focus from income to property implying that income tax is overly complex and inefficient compared to a more straightforward property tax system 
"
125,minimum wage,02/04/2025 11:55,Minimum wage rises do not seem to boost UK productivity,02/04/2025 12:35,8.0,I work for a nonprofit charity. There was no exemption for charities in the national insurance raise. Were now having to do redundancies because of it. Taxing charities into job cuts really isnt the hallmark of a productive economy.,disapprove,non-profit charity can’t take national insurance rising,Disapprove,the commenter directly contradicts the titles assertion by highlighting the negative impact of increased taxes on charities leading to redundancies  a clear indication of reduced economic activity and productivity stemming from the policy change
126,national insurance,04/09/2022 10:13,Paul Brand on Twitter: Liz Truss says “it is fair” that her national insurance cut will benefit the richest to the tune of about £2k and do relatively little for the lowest paid. She argues there has been too much focus on the distribution of income in the past twenty years.,04/09/2022 22:14,3.0,"Were fed up of equality in this country! Who cares about wage inequality? They obviously dont work hard enough or smart enough. The lgbtqs have had their day now why should we change our beliefs for them? Put women back in the kitchen because someone needs to make the sandwiches. Bring back smacking and the death penalty, bloody soft touches, look at what being kind has done to this country!",approve,?,Disapprove,the comment vehemently rejects any notion of equality or concern for income distribution instead expressing a reactionary and discriminatory viewpoint rooted in traditional gender roles and advocating for punitive measures directly opposing liz trusss argument
128,council tax,30/01/2024 12:23,"Wales has been brave enough to completely rethink the hated council tax. Take note, England",30/01/2024 12:42,18.0,Good to see them proposing further changes.,approve,,Approve,the comment expresses support for waless actions indicating agreement with the titles assertion that the council tax is hated and warrants a complete reevaluation  a positive endorsement of the proposed changes
142,income tax,23/02/2024 18:50,Reform Party’s draft manifesto would raise 40p income tax threshold to £70k,23/02/2024 21:19,1.0,BoJo promised something similar and then reneged on it if I recall?,disapprove,politicians renege their promises,Disapprove,the comment leverages a past action bojos previous promise and subsequent withdrawal to cast doubt on the reform partys commitment suggesting a history of broken promises and undermining the credibility of the proposed policy
143,national insurance,04/09/2022 10:13,Paul Brand on Twitter: Liz Truss says “it is fair” that her national insurance cut will benefit the richest to the tune of about £2k and do relatively little for the lowest paid. She argues there has been too much focus on the distribution of income in the past twenty years.,04/09/2022 21:05,3.0,"The economic recovery was built off of the back of workers. We havent seen any considerable wage increase for more than a decade. Do these people realise that unless the poor and working class have money, we cant buy the shit that the rich supply.",disapprove,the economic recovery should focus on the workers and raise the salary,Disapprove,the comment directly challenges trusss assertion by highlighting the lack of wage growth impacting lower earners arguing that their spending power is crucial for economic activity  effectively refuting the premise that economic recovery solely relies on the wealthy
146,minimum wage,02/04/2025 11:55,Minimum wage rises do not seem to boost UK productivity,02/04/2025 12:26,10.0,"As an employer in an impoverished part of the UK that generally pays 1020 above minimum wage for unskilled employees. This is too quick, too soon. This is going to really hurt small businesses.",approve,small businesses are hurt,Disapprove,the commenter directly contradicts the titles assertion by highlighting their own practice of paying significantly above the minimum wage suggesting that increasing wages even modestly doesnt negatively impact business viability particularly in areas with lower economic conditions
151,poverty,13/11/2024 16:45,Gordon Brown: ‘We’re seeing poverty I never thought I’d see again’,15/11/2024 11:29,0.0,"And tax credits created a boom in benefit babies. Believe me, I worked with single parents. Girls of 25 with 7 kids, no benefit cap or two child limit. They could pull in 560 a week just for the kids.",disapprove,welfare claimers are unlimited,Disapprove,the comment directly challenges browns assertion of rising poverty by arguing that tax credits incentivized large families and increased benefit dependency suggesting a different underlying cause for the perceived increase in poverty
152,national insurance,30/10/2024 13:25,Employers' national insurance rise is bigger than predicted as chancellor seeks to raise £40bn in taxes | Politics News,30/10/2024 13:36,9.0,Will create serious challenges to businesses. This will have a knock on for employees,disapprove,will create serious challenges to businesses,Disapprove,the comment anticipates negative economic consequences  specifically difficulties for businesses and subsequent impacts on employees  stemming from the increased national insurance contributions aligning with a likely pessimistic interpretation of the titles implications
153,poverty,24/07/2024 12:23,"By disciplining MPs for voting to pull children out of poverty, Keir Starmer has shown us who he really is | Owen Jones",24/07/2024 12:55,14.0,I dont understand the long term goals of these rebels.,disapprove,don’t see the long term goals,Disapprove,"the commenter is questioning the strategic direction of the mps described in the title suggesting a lack of clarity or a potentially detrimental approach to addressing child poverty they are likely skeptical of the rebels motivations beyond simply opposing keir starmer
"
156,income tax,18/09/2023 07:35,Liz Truss mini-budget nearly included flat 20p rate of income tax. Proposal from Jacob Rees-Mogg described as going ‘full Estonia’.,18/09/2023 09:42,88.0,Nearly included A ReesMogg idea that was too crazy even for the TrussKwarteng government.,disapprove,?,Disapprove,the comment directly criticizes the reesmogg proposal as too crazy indicating disagreement with the idea of a flat 20p income tax rate a concept suggested in the title it also uses the dismissive label trusskwarteng to further highlight the perceived absurdity of the proposal within the context of the truss government
157,income tax,12/01/2023 11:19,"The Times has also been told that the Treasury is discussing giving people tax breaks to go back to work Discussion is at an early stage, but there's talk around allowances and even exempting over 50s from income tax",12/01/2023 15:47,0.0,Maybe not over 50s but sort of makes sense to me with an aging population this makes a lot of sense. Maybe over 60s more sensible.,approve,sensible for older people,Approve,the commenter expands on the initial suggestion of tax breaks advocating for a higher age threshold 60s reflecting the demographic shift and suggesting its a pragmatic solution to incentivize employment among an aging population
165,minimum wage,02/04/2025 20:45,The minimum wage is too high,02/04/2025 20:59,3.0,This is yet another downstream effect of mass migration.,disapprove,downstream effect of mass migration,Disapprove,the comment shifts the blame for the minimum wage issue to immigration suggesting that increased labor supply due to migration is the primary driver rather than directly addressing the claim that the minimum wage is too high
170,income tax,19/10/2024 07:48,Budget 2024: Reeves considers income tax threshold freeze,19/10/2024 07:48,9.0,Sounds like it is going to be horrific budget. So much for a positive change labour,disapprove,not a positive change brought by the Labour party,Disapprove,"the comment expresses a negative sentiment regarding the proposed budget suggesting it will be detrimental and contradicting the perceived positive intentions of the labour government 

"
171,national insurance,07/08/2022 09:50,Liz Truss will seek to bring in National Insurance cut immediately,07/08/2022 16:14,5.0,"Its a drop in the ocean, its worth something like a quarter of one of the cap increases. And it assumes you pay NI in the first place. Itll achieve nothing.",disapprove,it’s a useless move,Disapprove,"the commenter dismisses the proposed national insurance cut as insignificant arguing its a minimal amount compared to potential increases and only relevant to those who already pay ni suggesting it wont have a meaningful impact 
"
172,national insurance,06/04/2025 00:19,ANDREW NEIL: Tomorrow's £25bn national insurance rise is the most self-harming tax in history,06/04/2025 07:17,6.0,Wait until they raise taxes on the middle class on the pretense of Trumps BS,disapprove,?,Disapprove,the comment anticipates a further potentially regressive tax increase targeting the middle class framing andrew neils criticism as a limited perspective and suggesting a broader potentially more damaging tax policy is forthcoming
173,council tax,14/11/2024 15:08,Minister hints at council tax shake-up that would hit owners of large homes,14/11/2024 15:38,9.0,AHH I see the telegraph is doing its usual they havent expressly said no so it MUST be happening move,disapprove,media is interpreting the minister’s hint too much,Disapprove,the comment expresses skepticism and distrust of the ministers statement relying on a speculative interpretation it must be happening rather than accepting the statement at face value reflecting a common tactic of challenging authority through questioning and suspicion
178,minimum wage,25/06/2024 08:23,Weekly real wage growth just £16 since 2010 but minimum wage one of the worlds highest,25/06/2024 14:39,8.0,It also brings in the issue this country has with bad management and managers. The only way to get a pay rise once you reach the top of your current job is to move into management but thats a completely different set of skills. Just because you were great at your job doesnt mean youd make a good manager and we now have a horde of bad managers who got promoted for the pay rise but couldnt manage and now they have management jobs on their cvs they hop between companies and keeep the cycle going,approve,bad management and managers,Disapprove,"the comment expands on the titles point about real wage stagnation by arguing that poor management practices exacerbated by promotion based on individual performance rather than managerial aptitude are a significant contributing factor to the problem 
"
190,minimum wage,02/04/2025 11:55,Minimum wage rises do not seem to boost UK productivity,02/04/2025 12:06,659.0,"Productivity is, in the main, determined by the employer not the worker. They control the capital, are responsible for reinvesting in the business, and determine policies and practices.",approve,minimum wage has nothing to do with productivity ,Disapprove,the comment challenges the premise of the title by shifting the primary driver of productivity  investment and management decisions  away from the individual workers wage and towards employercontrolled factors suggesting a minimum wage rise wouldnt have a significant impact
196,minimum wage,04/01/2025 18:52,Lowest graduate salaries ‘on a par with minimum wage’ - The shrinking pay gap raises fears that university may be a waste of money for many students and could turn disaffected young people towards political extremes,04/01/2025 20:26,7.0,Is parity between the shelfstacker and the PhD not a cause for socialist celebration?,disapprove,graduate and minimum wage workers should be paid similar in socialist utopia,Disapprove,the comment uses sarcasm arguing that equal pay for graduates and shelfstackers is a positive outcome that aligns with socialist ideals thereby implicitly disagreeing with the titles suggestion that this situation is a negative and potentially destabilizing trend
201,national insurance,06/03/2024 10:55,How much money would you save with Jeremy Hunt’s 2p National Insurance cut? | The Independent,06/03/2024 11:42,7.0,"When you work out the monthly increase, its so small as to be meaningless. Not even a full tank of fuel in most cars for those on the lowest salaries.",disapprove,most people can’t save anything,Disapprove,"the commenter argues the proposed 2p national insurance cut is insignificant in practical terms particularly for lowerincome earners who wouldnt see the savings translate into a meaningful purchase like a full tank of fuel 
"
202,national insurance,07/05/2024 14:51,Reeves says Lawson was right on National Insurance,07/05/2024 19:04,6.0,I strongly disagree with this stance and think its a real shame that Labour has used the issue as a political football rather than consider the merits of it.,disapprove,shame for Labour not consider the issue seriously,Disapprove,"the commenter directly challenges reeves endorsement of lawsons position framing the issue as a politically motivated tactic by the labour party suggesting a lack of genuine consideration 
"
206,minimum wage,29/10/2024 18:05,Budget 2024: Minimum wage workers to get huge pay boost - what it means for you,29/10/2024 19:21,141.0,"Cant believe this, what are you all arguing over? The headline sounds positive, giving rise to people on the lowest peg of the working world.",approve,the arguments that disagree with the post’s content just think people who on the lowest peg don’t deserve the rise,Approve,"the commenter accepts the positive framing of the headline focusing on the potential benefit for minimum wage earners and seemingly dismissing any potential for debate or criticism 
"
210,national insurance,11/06/2024 05:48,Tories to pledge further 2p National Insurance cut in manifesto,11/06/2024 08:35,6.0,"Oh wow, Ill ignore everything else and vote for them now!",approve,will vote for them because of this,Approve,"the comment expresses immediate and uncritical support for the proposed national insurance cut prioritizing this single policy over other potential considerations it suggests a prioritization driven by a desire for change rather than a considered evaluation of the policys implications
"
211,national insurance,30/10/2024 22:58,Why do people think that only UK companies will be unable to survive a small rise in Employer’s National Insurance? ,31/10/2024 08:17,2.0,I think your point is valid in the sense that it doesnt guarantee that wages will continue to stagnate. Wages in many industries have been declining relative to inflation for years. I think the problem is that no one thinks this will lead to better wages.,approve,wages are actually declining,Approve,the comment agrees with the underlying concern in the title highlighting the potential for stagnant wages to worsen if a small ni rise isnt accompanied by wage increases effectively anticipating a negative consequence of the proposed change
212,income tax,03/02/2025 07:52,Ten million pensioners to be hit with income tax bill,03/02/2025 08:37,1.0,Depressing reporting. When? how much why? Will labour still be in government in 2032?,disapprove,media report being irresponsible ,Disapprove,"the comment expresses dismay and suspicion regarding the policys implications questioning the timing cost and potential future impact suggesting a critical stance against the reported news 
"
217,poverty,05/08/2024 12:13,To what degree (if any) did poverty and wealth inequality cause these riots?,05/08/2024 22:25,4.0,Give us a break. The whole Poverty and wealth inequality angle is just thinly veiled apologism. Scandinavia and Germany saw massive increases in living standards in the 2000s yet far right views surged in popularity. Same story with the BNP during the BlairBrown era. Poor white people in cities are generally much more tolerant of immigrants and minorities than wealthy white people in rural areas. An abundance of those arrested will be of the tech house brofootball hooligan demographic skilled manual jobstrades with a decent amount of disposable income.,disapprove,it's the wealthy people that are intolerant on immigrants and minorities,Disapprove,"the comment rejects the simplistic attribution of riots solely to poverty and inequality arguing instead for a more nuanced explanation involving socioeconomic factors and specific demographic groups effectively challenging the premise of the title 
"
218,council tax,31/01/2024 07:53,"Britain’s council tax is arbitrary, regressive and needs fixing",31/01/2024 09:32,26.0,"People in Hull are paying more than the people in Central London. Thats saying it all, really.",approve,regional disparity on burdens,Disapprove,"the comment highlights a key point of contention raised in the title  the disparity in council tax rates across different areas of the uk suggesting the system is unfair and not based on need or value 
"
219,minimum wage,02/04/2025 20:45,The minimum wage is too high,02/04/2025 21:05,8.0,Brought to us by Mr. the iPhone wont make a longterm mark on the industry.,disapprove,this is just denying the reality,Disapprove,"the comment appears to be a tangential irrelevant dig at apple likely referencing iphones attempting to shift the conversation away from the minimum wage debate with a distracting and unproductive remark 

"
221,national insurance,23/10/2024 08:47,Rachel Reeves to protect public-sector workers from tax raid - The NHS and government departments will be exempt from the chancellor’s plan to impose national insurance on employers’ pension contributions,23/10/2024 09:40,-1.0,"Private pensioners were too good to be true. The government is in capable of letting any stream of money going untaxed. They are obsessed with taking more and more of our money. This own be the first hit on employers or pensions under Labour and it will all be under this false nation that Labour arent taking working people. And once this new steam of money gets wasted or embezzled, theyll up income taxwhich of course they already are for to fiscal drag.",disapprove,Labour aren’t taking working people,Disapprove,"the comment expresses deep distrust of the labour partys intentions anticipating further taxation and mismanagement of funds despite the titles assertion of protecting publicsector workers it frames the policy as a cynical tactic to justify increased taxation
"
222,minimum wage,30/10/2024 17:55,"Xiaowei Xu: The rise in employer costs for low earners (10th percentile) is more than double the rise for average earners. Together with the rise in the minimum wage, this means a big increase in costs for businesses hiring low-paid workers (hospitality, retail etc).",30/10/2024 18:23,9.0,"Yup, its going to be a hard hit for low wage businesses.",approve,it's going to hit hard on low wage businesses,Approve,the comment directly echoes the titles assertion that increased costs for lowearning businesses are a significant consequence of the described economic shifts confirming a shared understanding of the issue
223,income tax,23/03/2025 15:57,"How much do people actually know about ""The 10% of income taxpayers with the largest incomes contribute over 60% of income tax receipts."" and majority of population in the UK being net recipient ""53.8% of all UK individuals were net recipients""?",23/03/2025 22:23,1.0,"The fact that over half of working Brits are net recipients of the funds provided by taxation is a damning indictment of either our tax system or our inequality, or far more likely both.",approve,the tax system is probabmatic ,Approve,"the comment leverages the presented statistic  that a majority of the uk population are net recipients  to argue that this situation represents a fundamental problem suggesting the tax system or inequality are failing to address this disparity 
"
232,national insurance,30/10/2024 13:25,Employers' national insurance rise is bigger than predicted as chancellor seeks to raise £40bn in taxes | Politics News,30/10/2024 15:54,300.0,"Not necessarily defending Labour herr but, Honestly at a loss for people actually want at this point. We are a nation of people who would rather bitch and moan at any change whilst simultaneously moaning that nothing is changing and thats the issue.",approve,this is inevitable considering the reality of there isn’t enough money,Disapprove,the comment expresses frustration with what it perceives as a national tendency towards negativity and unproductive complaining suggesting this behavior is a core problem rather than a response to the specific policy change highlighted in the title
235,income tax,13/10/2024 19:29,One million top taxpayers pay more than two fifths of all income tax,14/10/2024 12:39,1.0,"what the hell. When count average salary. It counts working people. But when calculating income tax contributions , it counts all people.",disapprove,unfair calculation method,Disapprove,"the commenter is highlighting a perceived discrepancy between the focus on high earners and the broader impact of income tax arguing that the average salary calculation unfairly represents the contributions of workingclass individuals 
"
236,income tax,23/11/2023 08:19,Millions of workers to be dragged into 40pc income tax band. ‘Fiscal drag’ phenomenon will also mean a further four million on relatively low incomes will be captured by tax system.,23/11/2023 09:48,63.0,"The government have also made no attempt to fix the 5060k cliff edge for parents, and the 60 marginal rate that applies on incomes between 100 and 120k.",approve,government is not doing something correct to fix this,Disapprove,the comment criticizes the governments failure to address related tax issues  the 5060k cliff edge for parents and the high marginal rate for incomes between 100120k  suggesting the titles focus on income tax bands is incomplete and doesnt represent a comprehensive fiscal policy
243,minimum wage,04/01/2025 18:52,Lowest graduate salaries ‘on a par with minimum wage’ - The shrinking pay gap raises fears that university may be a waste of money for many students and could turn disaffected young people towards political extremes,05/01/2025 19:05,1.0,"The other side to this was a downplaying of traditional apprenticeship routes towards achieving a fulfilling career. New Labours Education Education Education policy inevitably devalued apprenticeships, contributing to the housing crisis via increased construction costs. University became merely an extension of 6th form and degrees were subsequently devalued forcing graduates to chase a questionable masters degree or PhD in order to distinguish themselves. Nearly all sweeping centralised policies like this lead to unforeseen consequences.",approve,the university system is the other reason causing this,Disapprove,"the comment argues that new labours education policies specifically devaluing apprenticeships are a key factor in the graduate salary issue suggesting universitys role is being misrepresented and that alternative pathways were undermined 

"
