category,post_date,post_title,comment_date,comment_votes,comment_body,comment_stance,comment_argument
poverty,07/10/2024 13:11,Minister failing to act to reduce poverty - report,07/10/2024 13:11,1,Snapshot of _Minister failing to act to reduce poverty - report_ :,,
,,,,,,,
,,,,,An archived version can be found [here](https://archive.is/?run=1&url=https://www.bbc.co.uk/news/articles/cj31vdlp15jo)  or [here.](https://archive.ph/?run=1&url=https://www.bbc.co.uk/news/articles/cj31vdlp15jo)         ,,
,,,,,,,
,,,,,,,
,,,,,"*I am a bot, and this action was performed automatically. Please [contact the moderators of this subreddit](/message/compose/?to=/r/ukpolitics) if you have any questions or concerns.*",,
council tax,01/02/2025 11:02,Ministers could allow council tax to rise by up to 25% to prevent bankruptcies,01/02/2025 12:12,24,I used to work for a large council.,disapprove,council tax is wasted
,,,,,,,
,,,,,The amount of money wasted on completely bollocks projects and staff that did bugger all is a disgrace. Maybe they should look into that first before shafting people even more?,,
,,,,,,,
,,,,,"I once worked on a project that installed a handful of cycle signs and a bit of road marking that costed a grand total of £700k. We had to hire a consultant at £80/h just to do a study to see if there was a need for those, there wasn't but the project went ahead anyway because god forbid you criticise a cycle project. Absolute insanity.",,
national insurance,30/10/2024 13:25,Employers' national insurance rise is bigger than predicted as chancellor seeks to raise £40bn in taxes | Politics News,30/10/2024 20:45,0,Such a stupid idea when the job market is already weak. Labour are a joke.,disapprove,job market is weak
minimum wage,30/01/2025 19:35,"Karl Williams: Apropos of nothing, in the first six months of 2024, we gave out 1,063 health & care visas to workers from Zimbabwe. They brought with them 10,670 dependants. That's 10 dependants for every (likely minimum wage) social care worker.",31/01/2025 07:17,0,I know this is a joke …right ? Come on someone say this isn’t true. All the illegals coming on a daily basis and now this,disapprove,illegal migrants
minimum wage,30/10/2024 17:55,"Xiaowei Xu: The rise in employer costs for low earners (10th percentile) is more than double the rise for average earners. Together with the rise in the minimum wage, this means a big increase in costs for businesses hiring low-paid workers (hospitality, retail etc).",30/10/2024 19:08,17,"I guess she missed the bit about employment allowance (allowing companies to reduce their NI liability) to increase from £5,000 to £10,500..",disapprove,other types of allowance for business
,,,,,,,
,,,,,"So in other words smaller employers don’t need to pay any NI on first £10,500 of an employee’s pay .. increased from the previous £5,000..",,
minimum wage,29/10/2024 18:29,Minimum wage to rise to £12.21 an hour next year,30/10/2024 05:55,27,"I’m a skilled worker, my current salary boils down to £14 per hour. If I sell my car and cut out all the costs of running it, I may as well get a job in a supermarket that I can walk to and break even.",,
minimum wage,29/10/2021 12:42,"Jeremy Corbyn MP: Bankers will be as delighted with the Chancellor’s gift of a £4bn tax cut as he appeared to be when he failed to deliver for the most vulnerable, skipped over a proper minimum wage and/or a decent pension (the triple-lock) & hastened climate change (cutting air passenger tax)",29/10/2021 14:01,-16,Wait....does he know he's not important anymore?,disapprove,Corbyn is not important 
minimum wage,02/04/2025 11:55,Minimum wage rises do not seem to boost UK productivity,03/04/2025 04:59,1,We've come a long way from minimum wage 'will cause mass unemployment' to 'it doesn't seem to increase productivity',,
minimum wage,19/08/2022 16:09,Labour sets out plan to link minimum wage to cost of living,20/08/2022 08:41,-1,I honestly disagree with shit like this because the 'Cost of Living' varies so much across the UK.,disapprove,regional differences
,,,,,,,
,,,,,"If you lived in Kensington, your cost of living will be 100 fold from someone who lives in Skegness. And this is even before the Wage Price Spiral grips in.",,
,,,,,,,
,,,,,"We should be focusing on driving down the cost of living, and mandating councils to build X number of homes a year, and fine  them if they don't.",,
income tax,18/09/2023 07:35,Liz Truss mini-budget nearly included flat 20p rate of income tax. Proposal from Jacob Rees-Mogg described as going ‘full Estonia’.,18/09/2023 08:11,-179,Liz Truss must have been one of the first politicians in half a century to take office In Westminster with radical plans to unfuck the UK.,approve,radical plan to save uk
,,,,,,,
,,,,,It’s no wonder the establishment slated & ousted her so quickly.,,
national insurance,06/04/2025 00:19,ANDREW NEIL: Tomorrow's £25bn national insurance rise is the most self-harming tax in history,06/04/2025 07:27,4,What about abolishing NI for employees and adding it to income tax? This won’t raise tax on working people (so not breaching Labours manifesto) but would start to tax pensioners who currently don’t pay NI making a fairer tax system? Could this raise the tax revenue to plug the ‘back hole’ but also other things like social care which pensioners disproportionately need? This could be a more palatable way to reduce the ever increasing pensioner burden?,,abolishing NI and add to income tax to raise tax revenue
council tax,07/10/2024 05:26,Second homes: Hut with no toilet gets 300% council tax bill,07/10/2024 06:50,110,She even admits it’s used as a holiday home:,,
,,,,,,,
,,,,,"*”I have a niece who still comes for a fortnight in the summer with her children from Colchester, but the children camp outside.",,
,,,,,“They come to us to wash and to wash their clothes and they use the public toilets.”*,,
national insurance,04/09/2022 10:13,Paul Brand on Twitter: Liz Truss says “it is fair” that her national insurance cut will benefit the richest to the tune of about £2k and do relatively little for the lowest paid. She argues there has been too much focus on the distribution of income in the past twenty years.,04/09/2022 19:11,2,*sharpens pitchfork*,,
national insurance,07/05/2024 14:51,Reeves says Lawson was right on National Insurance,07/05/2024 15:44,33,"""Replacing national insurance contributions revenues with income tax would mean rates of income tax going up by 8 percentage points""",,PAYE workers get punished by Labour’s tax policy
,,,,,,,
,,,,,"In other words, the median income worker on PAYE would get a tax cut with a revenue neutral proposal. But we can't let the generation with the wealth be made to pay more tax on income above the personal allowance thresholds to fund public services that said generation relies on, so lets punish PAYE workers instead!",,
,,,,,,,
,,,,,"Everything Labour are saying on NICs, particularly Reeves, suggests to me that they're going to up rates to pretend that they're not increasing income tax while increasing income tax as another means to tax working people and coddle middle and high earning pensioners. Reeves isn't stupid, she knows NICs are a tax on income from labour like income tax is. She and Labour are doing this for a reason. Hopefully after the next GE the Lib Dems are in a position to call Labour out on this through tax simplification (Davey contributed to a policy paper that advocated a single income tax) and not cede the opposition ground to the Tories who are trying to use cutting NICs as a wedge issue and are not bothered in it being revenue neutral.",,
income tax,12/01/2023 11:19,"The Times has also been told that the Treasury is discussing giving people tax breaks to go back to work Discussion is at an early stage, but there's talk around allowances and even exempting over 50s from income tax",12/01/2023 13:07,3,"What's the point in getting people back in the workforce if they won't tax income. That just stops others getting the jobs that will pay tax and raise the tax burden for them as well. No you don't get a promotion as Dotty is coming out of retirement, BTW here's your income tax raise..",disapprove,unfair for other groups of people
income tax,25/06/2023 05:48,Starmer indicates he will not raise income tax for top earners,25/06/2023 13:53,5,"I'll be honest. Between this, them keeping the triple lock, and saying no to PR I'm starting to turn against Labour.",disapprove,won’t support Labour party because of its tax policy
minimum wage,18/03/2024 17:29,P&O Ferries has paid some crew less than half UK minimum wage,18/03/2024 19:32,31,Disgusting however completely legal in their ownership structures and uk laws.  About to change apparently but I wouldn’t hold my breath. Their sales are up so clearly customers don’t give a monkeys,disapprove,customers are not bothered
income tax,21/03/2025 18:34,Income tax at 40pc is becoming the norm in Starmer’s Britain,21/03/2025 18:36,31,Ironic given it was the Tories that froze tax thresholds in 2021.,disapprove,Labour is acting in conventional Tory way on tax
national insurance,20/04/2024 07:34,Jeremy Hunt targets further 2p cut in national insurance,20/04/2024 14:44,1,"Tory tax cuts are just temporary. We will pay it back later, with interest, one way or another",disapprove,temporary and people will have to payback later
,,,,,,,
,,,,,"I bet before they are booted out, they will let councils raise council tax like 20% per annum.",,
minimum wage,29/10/2024 18:29,Minimum wage to rise to £12.21 an hour next year,29/10/2024 22:18,12,Seems interesting to increase minimum wage + increase employers NI contributions. Large businesses will be able to swallow it up but will this grind smaller businesses into the ground?,disapprove,smaller business will suffer
minimum wage,19/08/2022 16:09,Labour sets out plan to link minimum wage to cost of living,20/08/2022 18:54,1,Softly softly sneak into that space when it opens up unguarded,,
minimum wage,30/01/2025 19:35,"Karl Williams: Apropos of nothing, in the first six months of 2024, we gave out 1,063 health & care visas to workers from Zimbabwe. They brought with them 10,670 dependants. That's 10 dependants for every (likely minimum wage) social care worker.",30/01/2025 22:10,-4,The situation is worse than that because the government didn't even bother to enforce the visa rules. Many were given visas by fake companies and even those that worked in the care sector soon left to work illegally.,,illegal migrants
,,,,,,,
,,,,,The government is f\*cking useless.,,
minimum wage,14/11/2022 22:41,Rishi Sunak to raise minimum wage in boost for poorest,15/11/2022 14:22,6,"Most of these comments are peak ukpol. Somehow trying to criticise what is undoubtedly a good move, just because ‘Tory = bad’.",approve,people who disapprove are too partisan 
national insurance,25/10/2024 22:43,Chancellor expected to hike employers National Insurance,27/10/2024 11:17,1,Can we all calm down about this?,approve,
,,,,,,,
,,,,,1. This was clear for a while.,,
,,,,,"2. This basically just reverses the unfunded cut to NI the Tories did pre-election, but passes it to the employers instead of employees.",,
council tax,24/01/2025 10:57,Oxford: City's second homes to face 200% council tax charge,24/01/2025 12:09,-1,How are they defining this? What are they doing with those who own a second home but let it out?,disapprove,
minimum wage,21/11/2023 16:38,Minimum wage to rise to £11.44 per hour,21/11/2023 18:17,5,This is part of the next/last budget before the next election so out come the sweeties to get our votes.,,raising minimum wage is just to gain more votes before the election
income tax,25/06/2023 05:48,Starmer indicates he will not raise income tax for top earners,25/06/2023 14:06,6,There is not much scope left for higher taxes in the UK. The burden is already high and contrary to what I read here sometimes the better off already pay a lot more income tax. You push it higher you get what happened with the 50p rate and avoidance goes through the roof and high earners who can go abroad. The middle class in the UK are squeezed already. Getting the actually rich to pay is not easy as they are mobile but that is a whole another story.,approve,the burden is already high and high earners can move 
council tax,02/08/2024 07:51,"New council tax band system under Labour will push bills up by £1,230",02/08/2024 08:03,11,"For who? And why? And when? I'm always suspicious of sound bite headlines like this , cause generally they're misleading.",,headlines are misleading
national insurance,12/04/2022 10:53,"A quarter of voters are turned off from backing the Tories by national insurance hike, poll shows",12/04/2022 10:59,9,How many of them will forget by the time the next election comes around?,,people are more partisan and policies are short memories 
poverty,27/03/2025 12:25,"Rachel Reeves Denies Welfare Reforms Will Push 250,000 Into Poverty",27/03/2025 12:26,8,"> It added: “We estimate there will be an additional 250,000 people (including 50,000 children) in **relative** poverty after housing costs in 2029/30 as a result of modelled changes to social security.”",,relative poverty is not a sensible concept
,,,,,,,
,,,,,Relative poverty is a **terrible** statistic and they should feel bad for using it.,,
,,,,,,,
,,,,,You will lift a considerable number of people out of relative poverty by taxing an extra £1000 from half the country every year and throwing the money into a fire pit.,,
council tax,04/02/2025 09:30,Millions face council tax rise of more than 5%,04/02/2025 10:38,11,UK needs to decide what it wants it local government to do. So far it has decided to kick the can down the road and let councils go bankrupt. I was hoping labour would recognise how stupid it was. Instead reform tax system and ditch the stupidity. ,approve,local government are underfunded
,,,,,,,
,,,,,Time to be honest ,,
,,,,,,,
,,,,,UK local government is underfunded compared to social care and care costs.,,
income tax,24/11/2023 17:30,"600,000 miss out on £350 income tax rebate because HMRC insists on using cheques",24/11/2023 19:50,68,> How you can you claim overpaid income tax,approve,
,,,,,>,,
,,,,,">    If HMRC sends you a P800 – which it usually does from around June following the end of the tax year in April – it will tell you to request a refund via a bank transfer known as BACS. This can be done by logging into your Government Gateway account. If you don’t have one of these, you can set one up using the Government website.",,
,,,,,>,,
,,,,,">    If you do not have respond within 21 days, a cheque will be issued to your address. This needs to be cashed within six months.",,
,,,,,>,,
,,,,,">    If you do not cash it within six months, HMRC says it can be replaced on request. You can contact it online, or by phone, on 0300 200 3300.",,
,,,,,>,,
,,,,,">    There’s technically no time limit on doing this, but after nine years, it becomes harder for HMRC to verify if you’re owed a refund, so it’s best to request a new cheque before this date.",,
,,,,,,,
,,,,,"Look, I hate paying tax as much as the next person (and this hate HMRC by proxy) but it's not a difficult process, and the valid period is huge. This is a reflection of the laziness of the population.",,
,,,,,"Do I think cheques should be removed? Sure, they're outdates as heck, but you have 21 days to do it digitally (practically an age), there's noone else to blame",,
national insurance,05/03/2024 22:41,National Insurance cut sparks talk of May general election,05/03/2024 22:41,1,Snapshot of _National Insurance cut sparks talk of May general election_ :,,
,,,,,,,
,,,,,A non-Paywall version can be found [here](https://1ft.io/proxy?q=https%3A%2F%2Fwww.telegraph.co.uk%2Fpolitics%2F2024%2F03%2F05%2Frishi-sunak-latest-news-budget-hands-scully-rwanda-tice%2F),,
,,,,,,,
,,,,,An archived version can be found [here](https://archive.is/?run=1&url=https://www.telegraph.co.uk/politics/2024/03/05/rishi-sunak-latest-news-budget-hands-scully-rwanda-tice/)  or [here.](https://archive.ph/?run=1&url=https://www.telegraph.co.uk/politics/2024/03/05/rishi-sunak-latest-news-budget-hands-scully-rwanda-tice/)         ,,
,,,,,,,
,,,,,,,
,,,,,"*I am a bot, and this action was performed automatically. Please [contact the moderators of this subreddit](/message/compose/?to=/r/ukpolitics) if you have any questions or concerns.*",,
national insurance,04/09/2022 10:13,Paul Brand on Twitter: Liz Truss says “it is fair” that her national insurance cut will benefit the richest to the tune of about £2k and do relatively little for the lowest paid. She argues there has been too much focus on the distribution of income in the past twenty years.,04/09/2022 11:59,33,"I’m honestly running out of words to argue against what Liz Truss is planning on doing to us. She just… lives in a completely alternate reality. Literally nothing that she comes out with has any grounding in observable or verifiable truth. She is determined to bulldoze through her warped version of reality despite the undeniable facts that stand in her way, to the detriment of 99% of the country.",disapprove,Liz Truss is missing the reality
,,,,,,,
,,,,,"She is either completely thick as pig shit, schizophrenic, or unashamedly and knowingly evil. She should be locked up, not given the keys to number 10.",,
minimum wage,04/01/2025 18:52,Lowest graduate salaries ‘on a par with minimum wage’ - The shrinking pay gap raises fears that university may be a waste of money for many students and could turn disaffected young people towards political extremes,05/01/2025 00:01,3,I see a lot of pundits that I usually think are quite clever talking about this issue (edit: to be clear I’m talking about minimum wage creeping up not wages in general being low) but I just think it’s really overhyped as an issue. The bottom earning 10% of uni grads are ultimately people who are doing jobs that don’t require a degree or doing jobs where it’s kind of accepted the pay is bad until you are established. I’m not surprised that puts them not hugely above minimum wage and don’t think that should be an argument for lowering minimum wage.,disapprove,the group with degree and earns little is doing jobs that don’t require a degree
minimum wage,10/08/2024 21:12,Reeves set to sign off above inflation rise in minimum wage,10/08/2024 22:20,270,The problem now with raising the minimum wage now is we're very quickly approaching a situation where the minimum wage is basically your average officer worker salary.,disapprove,minimum wage is rising to the level of average officer worker salary
national insurance,04/09/2022 10:13,Paul Brand on Twitter: Liz Truss says “it is fair” that her national insurance cut will benefit the richest to the tune of about £2k and do relatively little for the lowest paid. She argues there has been too much focus on the distribution of income in the past twenty years.,04/09/2022 17:44,1,"Well wages haven't increased, regardless of the increasing national wealth - the wealthy keep skimming all of the cream and a lot of milk too.",disapprove,average people wage is not increased and the wealthy keep benefiting
income tax,13/10/2024 19:29,One million top taxpayers pay more than two fifths of all income tax,13/10/2024 20:40,7,Well it's lucky not all taxation is income based then isn't it the poorer you are the higher % of your income goes into taxes and just staying alive,disapprove,higher percentage of income goes into taxes
minimum wage,18/01/2024 11:09,"Currys Boss Lashes Out at UK Government on Tax Hike, Minimum Wage Increase",18/01/2024 16:31,3,"If your business relies on poverty wages for its existence, it doesn't deserve to exist.",disapprove,business that rely on poverty wages don’t deserve to exist
income tax,19/12/2023 14:41,New income tax band for higher earners in Scotland,19/12/2023 21:02,0,Yup I won’t be voting for snp. Bleeding is dry.,disapprove,SNP is extracting too much
poverty,02/03/2025 01:59,"Labour must target deprived areas or lose out to Reform, says former minister | Poverty",02/03/2025 04:03,2,"""A briefing document to government ministers, based on the report’s findings and seen by The Observer, says that even since the general election last summer there is evidence that Reform has deepened its support in these most deprived areas.""",,"for Labour party, targeting the deprived areas is the right thing to do"
,,,,,,,
,,,,,It's almost like doing the right thing in those areas would also pay off politically. Let's see if Labour can figure it out,,
national insurance,03/11/2024 11:48,Kemi Badenoch refuses to promise National Insurance tax raid reversal,03/11/2024 12:01,7,"She does right not to write these policies now, and was interesting to hear her say that these individual decisions are more about what the bigger picture is and what you are trying to achieve, rather than the specific tax in question",,
poverty,27/03/2025 20:43,"Labour’s ‘austerity cuts’ will push ‘250,000 people into poverty’",28/03/2025 07:23,16,Time to take a serious review on the triple lock.,,
council tax,26/12/2024 18:15,Quarter of council tax revenue spent on ‘unjustifiably generous’ staff pensions,26/12/2024 19:11,36,"It’s not council, but my other half is a kind of civil servant and yeah, the pay is not remotely competitive.  The only thing they have going is good benefits (defined benefits pension).  They’re already haemorrhaging staff to the private sector as it is.",disapprove,"their pay is not good as private sector, but just some good pension scheme"
minimum wage,18/01/2024 11:09,"Currys Boss Lashes Out at UK Government on Tax Hike, Minimum Wage Increase",18/01/2024 13:17,5,"In all seriousness, despite this guy being a clear (word that will probably filter this post), the government should move to updating minimum wage every 6 months. ",,"compare to lowest pay in society, minimum wage is a big jump"
,,,,,,,
,,,,,"This is a big jump in minimum wage, it would be better for business and people to stagger these pay increase from now on, so that it’s updated for inflation every 6 months. The lowest pay in society don’t face as big of a depreciation in their pay over the course of the year, and business don’t have as big of an increase.",,
,,,,,,,
,,,,,Good companies not paying individuals on minimum wage naturally stagger their increases in cost,,
national insurance,03/11/2024 11:48,Kemi Badenoch refuses to promise National Insurance tax raid reversal,03/11/2024 12:25,20,There's no reason for her to promise anything as by the time we get to the post where she can actually change things the situation will be different. ,approve,no need to promise for the sake of next election cycle
,,,,,,,
,,,,,,,
,,,,,The problem for her is if she spends the next four years trying to argue for tax cuts without cutting spending then shell arrive at the election not looking serious. ,,
poverty,05/12/2024 01:47,How poverty rate is higher among immigrants if immigration requires proof of funds/income?,05/12/2024 08:55,-3,"The issue is mostly a wealth question - a significantly larger proportion of foreign born people are private renters (40% v 15%) compared to the UK born who are more likely to be owner occupiers (68% v 48%). We’re not checking if you have enough money to buy a house, we’re checking if you have enough money to rent. Poverty rates for foreign born people are similar by tenure to UK born people, but higher for social renters than owner occupiers. ",disapprove,need to consider the high rental rate for the foreign born people
,,,,,,,
,,,,,"(Obviously there is a chicken and egg here, but the very nature of British born means you are more likely to have money saved - or inherited - than a foreign born.)",,
,,,,,,,
,,,,,https://s3.eu-central-1.amazonaws.com/frontify-enterprise-files-eu/joseph-rowntree-foundation/file/KBTQr9ZHrKwTYJHr9JC7.pdf?response-content-disposition=attachment%3B%20filename%3D%222016_hughes_and_kenway_3223_final.pdf%22&X-Amz-Content-Sha256=UNSIGNED-PAYLOAD&X-Amz-Algorithm=AWS4-HMAC-SHA256&X-Amz-Credential=AKIARW2DEZZ4M6T74Q2N%2F20241205%2Feu-central-1%2Fs3%2Faws4_request&X-Amz-Date=20241205T084420Z&X-Amz-SignedHeaders=host&X-Amz-Expires=518400&X-Amz-Signature=7cdc659286185a66d8c0b55fcc2a9d46662cb0164888d20134bf914838863845,,
income tax,22/06/2024 23:51,Would a wealth adjusted income tax make sense?,23/06/2024 00:23,5,It would make more sense just to tax property more effectively and productively than to make income tax even more complicated,disapprove,just to tax property effectively and don’t make income tax complicated
poverty,21/01/2025 20:19,"Disability benefits cuts will be 'devastating' and 'increase poverty', Labour told",21/01/2025 21:06,15,Let’s continue the transfer of the money to the top … rather than redistributing from the people who have more than enough.,,we should do redistributing 
,,,,,,,
,,,,,https://www.pinsentmasons.com/out-law/news/budget-2024-carried-interest-tax,,
,,,,,,,
,,,,,https://www.morningstar.co.uk/uk/news/256704/autumn-budget-capital-gains-tax-changes-dominate.aspx,,
minimum wage,02/04/2025 11:55,Minimum wage rises do not seem to boost UK productivity,02/04/2025 12:35,8,I work for a non-profit charity. There was no exemption for charities in the national insurance raise. We're now having to do redundancies because of it. Taxing charities into job cuts really isn't the hallmark of a productive economy.,disapprove,non-profit charity can’t take national insurance rising
national insurance,04/09/2022 10:13,Paul Brand on Twitter: Liz Truss says “it is fair” that her national insurance cut will benefit the richest to the tune of about £2k and do relatively little for the lowest paid. She argues there has been too much focus on the distribution of income in the past twenty years.,04/09/2022 22:14,3,"We're fed up of equality in this country! Who cares about wage inequality? They obviously don't work hard enough or smart enough. The lgbtqs have had their day now- why should we change our beliefs for them? Put women back in the kitchen because someone needs to make the sandwiches. Bring back smacking and the death penalty,  bloody soft touches, look at what being kind has done to this country!",approve,?
,,,,,/s,,
council tax,30/01/2024 12:23,"Wales has been brave enough to completely rethink the hated council tax. Take note, England",30/01/2024 12:42,18,Good to see them proposing further changes.,approve,
,,,,,,,
,,,,,"Wales did actually carry out rebanding back in 2003. They've also brought in reforms banning imprisonment for non-payment a few years back, and reviewed the income thresholds for recovery via an attachment of earnings. (England is still using thresholds that haven't been updated in over a decade).",,
,,,,,,,
,,,,,"Still, the tax itself is regressive in structure (as mentioned). Taxing residents based on indirect property valuation. But that catches lower income families and renters, who have little say in, and gain no benefit from the value of the homes they live in.",,
,,,,,,,
,,,,,"In an ideal world council tax would be abolished, and replaced with a localized income tax (perhaps top-sliced from what HMRC already collects). And an explicit land-tax paid by property owners. (something common elsewhere in the world).",,
income tax,12/01/2023 11:19,"The Times has also been told that the Treasury is discussing giving people tax breaks to go back to work Discussion is at an early stage, but there's talk around allowances and even exempting over 50s from income tax",12/01/2023 11:19,1,[Steven Swinford](https://twitter.com/Steven_Swinford) ^verified | Reach: 107855 | Location: London,,
,,,,,,,
,,,,,"Bio: Political Editor, The Times",,
,,,,,,,
,,,,,,,
,,,,,*****,,
,,,,,^I ^am ^a ^bot. ^Any ^complaints ^& ^suggestions ^to ^/r/ContextualBot ^thanks,,
income tax,23/02/2024 18:50,Reform Party’s draft manifesto would raise 40p income tax threshold to £70k,23/02/2024 21:19,1,BoJo promised something similar and then reneged on it if I recall?,disapprove,politicians renege their promises
national insurance,04/09/2022 10:13,Paul Brand on Twitter: Liz Truss says “it is fair” that her national insurance cut will benefit the richest to the tune of about £2k and do relatively little for the lowest paid. She argues there has been too much focus on the distribution of income in the past twenty years.,04/09/2022 21:05,3,"The economic recovery was built off of the back of workers. We haven't seen any considerable wage increase for more than a decade. Do these people realise that unless the poor and working class have money, we can't buy the shit that the rich supply. ",disapprove,the economic recovery should focus on the workers and raise the salary
,,,,,,,
,,,,,At some point businesses will be making goods that no one can buy because they already have all the money.,,
minimum wage,02/04/2025 11:55,Minimum wage rises do not seem to boost UK productivity,02/04/2025 12:26,10,"As an employer in an impoverished part of the UK that generally pays 10-20% above minimum wage for unskilled employees. This is too quick, too soon. This is going to really hurt small businesses.",approve,small businesses are hurt
,,,,,,,
,,,,,"Outsourcing and automation is now a no brainer. The remote workers of The Phillipines, Bangladesh and India will be thankful.",,
,,,,,,,
,,,,,We're living in a different world.,,
poverty,13/11/2024 16:45,Gordon Brown: ‘We’re seeing poverty I never thought I’d see again’,15/11/2024 11:29,0,"And tax credits created a boom in benefit babies. Believe me, I worked with single parents. Girls of 25 with 7 kids, no benefit cap or two child limit. They could pull in £560 a week just for the kids.",disapprove,welfare claimers are unlimited
national insurance,30/10/2024 13:25,Employers' national insurance rise is bigger than predicted as chancellor seeks to raise £40bn in taxes | Politics News,30/10/2024 13:36,9,Will create serious challenges to businesses. This will have a knock on for employees,disapprove,will create serious challenges to businesses
poverty,24/07/2024 12:23,"By disciplining MPs for voting to pull children out of poverty, Keir Starmer has shown us who he really is | Owen Jones",24/07/2024 12:55,14,I don't understand the long term goals of these rebels.,disapprove,don’t see the long term goals
minimum wage,10/08/2024 21:12,Reeves set to sign off above inflation rise in minimum wage,11/08/2024 10:44,1,Anyone know if they're getting rid of the bands for different ages,,
poverty,21/06/2024 15:26,Do the Reform party care about poverty and poor people?,21/06/2024 16:12,-1,"Majority of people on this sub-reddit hate Reform, asking this here is like asking a Labour MP his opinion on Reform.",,people on this sub-reddit are mostly Labour alined
income tax,18/09/2023 07:35,Liz Truss mini-budget nearly included flat 20p rate of income tax. Proposal from Jacob Rees-Mogg described as going ‘full Estonia’.,18/09/2023 09:42,88,"""Nearly included"" - A Rees-Mogg idea that was too crazy even for the Truss/Kwarteng government.",disapprove,?
income tax,12/01/2023 11:19,"The Times has also been told that the Treasury is discussing giving people tax breaks to go back to work Discussion is at an early stage, but there's talk around allowances and even exempting over 50s from income tax",12/01/2023 15:47,0,Maybe not over 50s but sort of makes sense to me with an aging population this makes a lot of sense. Maybe over 60s more sensible.,approve,sensible for older people
income tax,19/10/2024 07:48,Budget 2024: Reeves considers income tax threshold freeze,19/10/2024 07:48,1,Snapshot of _Budget 2024: Reeves considers income tax threshold freeze_ :,,
,,,,,,,
,,,,,An archived version can be found [here](https://archive.is/?run=1&url=https://www.bbc.co.uk/news/articles/c79npj3eqdlo)  or [here.](https://archive.ph/?run=1&url=https://www.bbc.co.uk/news/articles/c79npj3eqdlo)         ,,
,,,,,,,
,,,,,,,
,,,,,"*I am a bot, and this action was performed automatically. Please [contact the moderators of this subreddit](/message/compose/?to=/r/ukpolitics) if you have any questions or concerns.*",,
minimum wage,19/08/2022 16:09,Labour sets out plan to link minimum wage to cost of living,20/08/2022 02:11,16,[deleted],,
minimum wage,02/04/2025 20:45,The minimum wage is too high,02/04/2025 20:59,3,This is (yet another) downstream effect of mass migration. ,disapprove,downstream effect of mass migration
,,,,,,,
,,,,,"With access to unlimited cheap labour, we need the minimum wage as a check against migrants who would work for half of the minimum age. ",,
,,,,,,,
,,,,,"This comes with other costs elsewhere (the market always finds a way), the minimum wage jobs now are going to be more intense and less accessible, likely part of the reason why people prefer to stay on sickness benefits.",,
income tax,19/10/2024 07:48,Budget 2024: Reeves considers income tax threshold freeze,19/10/2024 07:48,9,Sounds like it is going to be horrific budget. So much for a positive 'change' labour,disapprove,not a positive change brought by the Labour party
national insurance,07/08/2022 09:50,Liz Truss will seek to bring in National Insurance cut immediately,07/08/2022 16:14,5,"It's a drop in the ocean, its worth something like a quarter of one of the cap increases. And it assumes you pay NI in the first place. It'll achieve nothing.",disapprove,it’s a useless move
national insurance,06/04/2025 00:19,ANDREW NEIL: Tomorrow's £25bn national insurance rise is the most self-harming tax in history,06/04/2025 07:17,6,Wait until they raise taxes on the middle class on the pretense of Trumps BS,disapprove,?
council tax,14/11/2024 15:08,Minister hints at council tax shake-up that would hit owners of large homes,14/11/2024 15:38,9,"AHH I see the telegraph is doing it's usual ""they haven't expressly said no so it MUST be happening"" move",disapprove,media is interpreting the minister’s hint too much
,,,,,,,
,,,,,"I can recall there being reports of changing it to 18 bands, mad places like the telegraph making clear it is absolutely going to happen and will be in the manifesto, then it would be in the budget, now they are trying the same tactic when someone clarified how finance will work being part of the plan in January, which is exactly the same as all other years.",,
,,,,,,,
,,,,,Can they give it a rest with the outright lies already?,,
minimum wage,25/06/2024 08:23,Weekly real wage growth just £16 since 2010 but minimum wage one of the worlds highest,25/06/2024 14:39,8,It also brings in the issue this country has with bad management and managers. The only way to get a pay rise once you reach the top of your current job is to move into management but that’s a completely different set of skills. Just because you we’re great at your job doesn’t mean you’d make a good manager and we now have a horde of bad managers who got promoted for the pay rise but couldn’t manage and now they have management jobs on their cvs they hop between companies and keeep the cycle going,approve,bad management and managers
income tax,17/10/2022 11:19,Income tax WON'T be cut and energy bill cap could end in APRIL: New Chancellor Jeremy Hunt takes a wrecking ball to Trussonomics with frantic overhaul to save government cash - as Tories warn PM must be out in DAYS and ministers refuse to defend her on TV,17/10/2022 12:07,2,"Right now it looks like Hunt is PM, Truss is (a really shit version of) The Queen and Charles is some sort of weird talking ornament that you find embarrassing, but was also a present, so you have to bring him out when the inlaws come over.",,
council tax,09/02/2024 14:38,Rishi Sunak criticises local authorities for requesting steep council tax rises,09/02/2024 14:38,1,Snapshot of _Rishi Sunak criticises local authorities for requesting steep council tax rises_ :,,
,,,,,,,
,,,,,An archived version can be found [here](https://archive.is/?run=1&url=https://www.theguardian.com/money/2024/feb/09/rishi-sunak-criticises-local-authorities-council-tax-rises)  or [here.](https://archive.ph/?run=1&url=https://www.theguardian.com/money/2024/feb/09/rishi-sunak-criticises-local-authorities-council-tax-rises)         ,,
,,,,,,,
,,,,,,,
,,,,,"*I am a bot, and this action was performed automatically. Please [contact the moderators of this subreddit](/message/compose/?to=/r/ukpolitics) if you have any questions or concerns.*",,
national insurance,06/01/2024 09:29,Today we cut National Insurance by 2%.,06/01/2024 11:22,1,Tories put it up by 1.25% a year or so ago.,,
,,,,,,,
,,,,,"So, it's really 0.75% cut in recent times.",,
council tax,22/09/2024 18:02,Rachel Reeves won’t scrap single person council tax discount,22/09/2024 19:05,17,She needs to scrap singledom itself... can't be fucked dealing with tinder anymore.,,
minimum wage,02/04/2025 11:55,Minimum wage rises do not seem to boost UK productivity,02/04/2025 12:06,659,"Productivity is, in the main, determined by the employer not the worker. They control the capital, are responsible for re-investing in the business, and determine policies and practices. ",approve,minimum wage has nothing to do with productivity 
,,,,,,,
,,,,,"Workers on the other hand have a marginal impact. Yes some work harder than other but all need to meet a minimum standard of productivity or the risk being fired. Even if they work incredibly hard, their productivity is bounded by the structure of the company/institution as a whole. ",,
,,,,,,,
,,,,,Also worth noting is that minimum wage has nothing to do with productivity. It’s there to ensure that employers are paying just shy of what the average adult need to sustain themselves. The reason it keeps increasing is that the cost of living keeps rising.,,
national insurance,05/03/2024 10:45,Jeremy Hunt will cut national insurance by 2p in the budget || Chancellor decides against tax cuts after OBR forecast,05/03/2024 23:30,2,The economy is fucked if even in desperation the Tories can't give tax cuts. This is literally an admission than the economy would collapse if they tried to cut taxes that's how much of a precipice we are on.,,it’s a signal that the economy is down
minimum wage,04/01/2025 18:52,Lowest graduate salaries ‘on a par with minimum wage’ - The shrinking pay gap raises fears that university may be a waste of money for many students and could turn disaffected young people towards political extremes,04/01/2025 20:26,7,Is parity between the shelf-stacker and the PhD not a cause for socialist celebration?,disapprove,graduate and minimum wage workers should be paid similar in socialist utopia
,,,,,,,
,,,,,That’s a half-serious question actually. It’s funny how many people on here lose their taste for class equality when graduates no longer command a premium in the labour market.,,
,,,,,,,
,,,,,I know people will come back with ‘well what about CEOs/bankers/whatever. But if we just look at these two groups - graduates and minimum wage workers - why would they not be paid the same (or at least according to their needs) in socialist utopia?,,
national insurance,06/03/2024 10:55,How much money would you save with Jeremy Hunt’s 2p National Insurance cut? | The Independent,06/03/2024 11:42,7,"When you work out the monthly increase, it's so small as to be meaningless. Not even a full tank of fuel in most cars for those on the lowest salaries.",disapprove,most people can’t save anything
national insurance,07/05/2024 14:51,Reeves says Lawson was right on National Insurance,07/05/2024 19:04,6,I strongly disagree with this stance and think it's a real shame that Labour has used the issue as a political football rather than consider the merits of it.,disapprove,shame for Labour not consider the issue seriously
,,,,,,,
,,,,,Unless Labour genuinely believes that pensioners should pay less tax on their income than working people.,,
minimum wage,01/12/2024 23:03,Sickness benefits worth more than minimum wage job,02/12/2024 17:33,1,Just Google dwp/bank account/surveillance,,
minimum wage,29/10/2024 18:05,Budget 2024: Minimum wage workers to get huge pay boost - what it means for you,29/10/2024 19:21,141,"Can't believe this, what are you all arguing over? The headline sounds positive, giving rise to people on the lowest peg of the working world.",approve,the arguments that disagree with the post’s content just think people who on the lowest peg don’t deserve the rise
,,,,,,,
,,,,," Yet, people moaning and complaining who are ""skilled"", telling people they should just rot and be led to starve, in this never-ending capitalist society. ",,
,,,,,Where you only matter If deemed worthy and the unskilled labour pool should just slowly die off.,,
national insurance,11/06/2024 05:48,Tories to pledge further 2p National Insurance cut in manifesto,11/06/2024 08:35,6,"Oh wow, I'll ignore everything else and vote for them now!",approve,will vote for them because of this
national insurance,30/10/2024 22:58,Why do people think that only UK companies will be unable to survive a small rise in Employer’s National Insurance? ,31/10/2024 08:17,2,I think your point is valid in the sense that it doesn't guarantee that wages will continue to stagnate. Wages in many industries have been declining relative to inflation for years. I think the problem is that no one thinks this will lead to better wages.,approve,wages are actually declining
income tax,03/02/2025 07:52,Ten million pensioners to be hit with income tax bill,03/02/2025 08:37,1,Depressing reporting. When? how much why? Will labour still be in government in 2032?,disapprove,media report being irresponsible 
poverty,31/08/2024 08:01,NHS nurses from overseas ‘pushed into poverty’ by UK welfare rules | Exclusive: nursing body says staff are being punished by benefits policy for those on temporary visas,31/08/2024 09:00,57,"Never mind the overseas workers bit, it's wild that anyone working a professional job that requires a degree needs housing benefit or UC to not be in poverty.",,it’s not right that anyone works in a professional job need the welfare system to stay out of poverty
minimum wage,21/11/2023 16:38,Minimum wage to rise to £11.44 per hour,21/11/2023 19:34,2,So the headline says minimum wage but the article talks about national living wage so which one is increasing? ,,
,,,,,,,
,,,,,If it’s national living wage my work uses the excuse that it’s not mandatory to pay so won’t increase it.,,
poverty,05/08/2024 12:13,To what degree (if any) did poverty and wealth inequality cause these riots?,05/08/2024 22:25,4,"Give us a break. The whole ""Poverty and wealth inequality"" angle is just thinly veiled apologism. Scandinavia and Germany saw massive increases in living standards in the 2000s yet far right views surged in popularity. Same story with the BNP during the Blair/Brown era. Poor white people in cities are generally much more tolerant of immigrants and minorities than wealthy white people in rural areas.  An abundance of those arrested will be of the tech house bro/football hooligan demographic - skilled manual jobs/trades with a decent amount of disposable income.",disapprove,it's the wealthy people that are intolerant on immigrants and minorities
council tax,31/01/2024 07:53,"Britain’s council tax is arbitrary, regressive and needs fixing",31/01/2024 09:32,26,"People in Hull are paying more than the people in Central London. That's saying  it all, really.",approve,regional disparity on burdens
minimum wage,02/04/2025 20:45,The minimum wage is too high,02/04/2025 21:05,8,"Brought to us by Mr. ""the iPhone won't make a long-term mark on the industry"".",disapprove,this is just denying the reality
minimum wage,29/10/2021 12:42,"Jeremy Corbyn MP: Bankers will be as delighted with the Chancellor’s gift of a £4bn tax cut as he appeared to be when he failed to deliver for the most vulnerable, skipped over a proper minimum wage and/or a decent pension (the triple-lock) & hastened climate change (cutting air passenger tax)",29/10/2021 12:46,8,Yes. But something something Stalinism.,,?
national insurance,23/10/2024 08:47,Rachel Reeves to protect public-sector workers from tax raid - The NHS and government departments will be exempt from the chancellor’s plan to impose national insurance on employers’ pension contributions,23/10/2024 09:40,-1,"Private pensioners were too good to be true. The government is in capable of letting any stream of money going untaxed. They are obsessed with taking more and more of our money. This own be the first hit on employers or pensions under Labour and it will all be under this false nation that Labour aren’t taking working people. And once this new steam of money gets wasted or embezzled, they’ll up income tax(which of course they already are for to fiscal drag).",disapprove,Labour aren’t taking working people
minimum wage,30/10/2024 17:55,"Xiaowei Xu: The rise in employer costs for low earners (10th percentile) is more than double the rise for average earners. Together with the rise in the minimum wage, this means a big increase in costs for businesses hiring low-paid workers (hospitality, retail etc).",30/10/2024 18:23,9,"Yup, it’s going to be a hard hit for low wage businesses.",approve,it's going to hit hard on low wage businesses
income tax,23/03/2025 15:57,"How much do people actually know about ""The 10% of income taxpayers with the largest incomes contribute over 60% of income tax receipts."" and majority of population in the UK being net recipient ""53.8% of all UK individuals were net recipients""?",23/03/2025 22:23,1,"The fact that over half of working Brits are net recipients of the funds provided by taxation is a damning indictment of either our tax system or our inequality, or (far more likely) both.",approve,the tax system is probabmatic 
income tax,25/06/2023 05:48,Starmer indicates he will not raise income tax for top earners,25/06/2023 09:37,127,Basically Labour are just trying hard as possible to say as little as possible as the polls look absolutely grim for the government. ,,Labour just take advantage when Tory makes mistakes
,,,,,,,
,,,,,“Never interrupt your enemy when he is making a mistake”,,
minimum wage,30/10/2024 20:00,"Snap budget poll: 🏥 Increased NHS Funding: Support: 71% Oppose: 15% 💰 Raising Minimum Wage: Support: 69% Oppose: 14% ⛽ Fuel Duty Freeze: Support: 63% Oppose: 14% 🏢 Rise in Employer NICs: Support: 37% Oppose: 33% 🚌 Increasing Bus Fare Cap: Support: 23% Oppose: 52% Via @Savanta_UK, 30 Oct.",30/10/2024 21:43,-9,What about inheritance tax on pensions pots at 40% plus income tax so now 60% or 80% tax!!! Pension pots are a type of trust and used to be pension pots (SIPP) were taxed at the beneficiary’s income rate as they draw income. ,,inheritance tax is adding normal working families’ burdens
,,,,,,,
,,,,,These new changes will mean an immediate 40% charge is paid on the value of a pension pots! This is in addition to income tax. It will affect all normal working families. ,,
,,,,,,,
,,,,,I.e your dad gives you £1000. IHT is £400. Income tax £200-£400. Your left with £200-£400 of the £1000 your family left you.,,
national insurance,30/10/2024 13:25,Employers' national insurance rise is bigger than predicted as chancellor seeks to raise £40bn in taxes | Politics News,30/10/2024 15:54,300,"Not necessarily defending Labour herr but, Honestly at a loss for people actually want at this point. We are a nation of people who would rather bitch and moan at any change whilst simultaneously moaning that nothing is changing and that's the issue. ",approve,this is inevitable considering the reality of there isn’t enough money
,,,,,,,
,,,,,We all know that ultimately the facts are that there isn't enough money but there needs to be big changes made that will require money. Labour were going to get skewered either way by everyone because there isn't a silver bullet here. And I've so far seen no real suggestions for an alternative that could work.,,
income tax,13/10/2024 19:29,One million top taxpayers pay more than two fifths of all income tax,14/10/2024 12:39,1,"what the hell. When count average salary. It counts working people. But when calculating income tax contributions , it counts all people.",disapprove,unfair calculation method
income tax,23/11/2023 08:19,Millions of workers to be dragged into 40pc income tax band. ‘Fiscal drag’ phenomenon will also mean a further four million on relatively low incomes will be captured by tax system.,23/11/2023 09:48,63,"The government have also made no attempt to fix the 50-60k cliff edge for parents, and the 60% marginal rate that applies on incomes between 100 and 120k.",approve,government is not doing something correct to fix this
,,,,,,,
,,,,,They just leave it.  You've got senior doctors and medical consultants deliberately working fewer hours because of it.,,
,,,,,,,
,,,,,People earning 50k will not bother applying for promotions because of it.,,
,,,,,,,
,,,,,Is it incompetence?  Laziness?,,
minimum wage,04/01/2025 18:52,Lowest graduate salaries ‘on a par with minimum wage’ - The shrinking pay gap raises fears that university may be a waste of money for many students and could turn disaffected young people towards political extremes,05/01/2025 19:05,1,"The other side to this was a downplaying of traditional apprenticeship routes towards achieving a fulfilling career. New Labour's *Education Education Education* policy inevitably devalued apprenticeships, contributing to the housing crisis via increased construction costs. University became merely an extension of 6th form and degrees were subsequently devalued forcing graduates to chase a questionable master's degree or PhD in order to distinguish themselves. Nearly all sweeping centralised policies like this lead to unforeseen consequences.",approve,the university system is the other reason causing this
,,,,,,,
,,,,,"Today's academia has so many failings - it actively encourages group think with the most independent thinkers and mavericks dropping out due to boredom or frustration. It promotes those who follow instructions to a fault, possessing zero imagination when it should be a hotbed of fresh ideas and innovation. Instead of being an educational institute it became a business selling a product that ignored industry and later developed into a cash cow reliant on training our competitors from rival countries like China and India.",,