category,post_id,post_url,post_date,post_votes,post_title,post_has_multimedia,post_has_links
universal income,7750hc,https://www.reddit.com/r/ukpolitics/comments/7750hc/nicola_sturgeons_universal_income_is_costed_at/,2017-10-18 08:21:04,5,Nicola Sturgeon‚Äôs Universal Income is costed at ¬£12.3bn,True,True
universal income,4cfscz,https://www.reddit.com/r/ukpolitics/comments/4cfscz/there_is_always_a_wellknown_solution_to_every/,2016-03-29 15:59:11,13,"'There is always a well-known solution to every human problem ‚Äì neat, plausible, and wrong' | Universal Income",True,True
universal income,1rdr4e,https://www.reddit.com/r/ukpolitics/comments/1rdr4e/ft_a_universal_income_is_not_such_a_silly_idea/,2013-11-25 00:00:07,52,FT: A universal income is not such a silly idea,True,True
minimum wage,1jpxvbr,https://www.reddit.com/r/ukpolitics/comments/1jpxvbr/the_minimum_wage_is_too_high/,2025-04-02 20:45:39,0,The minimum wage is too high,True,True
minimum wage,1jplpoi,https://www.reddit.com/r/ukpolitics/comments/1jplpoi/minimum_wage_rises_do_not_seem_to_boost_uk/,2025-04-02 11:55:32,232,Minimum wage rises do not seem to boost UK productivity,True,True
minimum wage,1josa3u,https://www.reddit.com/r/ukpolitics/comments/1josa3u/millions_of_people_get_a_pay_rise_as_national/,2025-04-01 11:26:15,280,Millions of people get a pay rise as National Living Wage and National Minimum Wage increase.,True,True
minimum wage,1idvda7,https://www.reddit.com/r/ukpolitics/comments/1idvda7/karl_williams_apropos_of_nothing_in_the_first_six/,2025-01-30 19:35:32,674,"Karl Williams: Apropos of nothing, in the first six months of 2024, we gave out 1,063 health & care visas to workers from Zimbabwe. They brought with them 10,670 dependants. That's 10 dependants for every (likely minimum wage) social care worker.",True,True
minimum wage,1htoxqq,https://www.reddit.com/r/ukpolitics/comments/1htoxqq/graduate_salaries_plunge_by_4_since_2001_annual/,2025-01-04 21:29:10,336,"Graduate salaries plunge by 4% since 2001: Annual wages for university leavers are now at ¬£34,000 - while amount earned by full-time worker on minimum wage surged by 60% to ¬£21,700",True,True
minimum wage,1htlc72,https://www.reddit.com/r/ukpolitics/comments/1htlc72/lowest_graduate_salaries_on_a_par_with_minimum/,2025-01-04 18:52:02,495,Lowest graduate salaries ‚Äòon a par with minimum wage‚Äô - The shrinking pay gap raises fears that university may be a waste of money for many students and could turn disaffected young people towards political extremes,True,True
minimum wage,1hh2kat,https://www.reddit.com/r/ukpolitics/comments/1hh2kat/rachel_reeves_mp_25_years_ago_the_last_labour/,2024-12-18 14:19:22,511,"Rachel Reeves MP: 25 years ago the last Labour Government introduced the Minimum Wage. This year we confirmed a ¬£1,400 increase for 3 million workers on the National Living Wage. A fair wage for a day‚Äôs work, that's the difference a Labour Government makes.",True,True
minimum wage,1h91xoa,https://www.reddit.com/r/ukpolitics/comments/1h91xoa/the_middleincome_graduates_being_radicalised_by/,2024-12-07 20:50:56,0,The middle-income graduates being ‚Äòradicalised‚Äô by the rocketing minimum wage,True,True
minimum wage,1h4g9cv,https://www.reddit.com/r/ukpolitics/comments/1h4g9cv/sickness_benefits_worth_more_than_minimum_wage_job/,2024-12-01 23:03:11,0,Sickness benefits worth more than minimum wage job,True,True
minimum wage,1gi1r94,https://www.reddit.com/r/ukpolitics/comments/1gi1r94/tory_tipped_as_kemi_badenochs_shadow_chancellor/,2024-11-02 17:34:15,461,Tory tipped as Kemi Badenoch's Shadow Chancellor said minimum wage is a 'burden',True,True
minimum wage,1gfvrdg,https://www.reddit.com/r/ukpolitics/comments/1gfvrdg/snap_budget_poll_increased_nhs_funding_support_71/,2024-10-30 20:00:20,295,"Snap budget poll: üè• Increased NHS Funding: Support: 71% Oppose: 15% üí∞ Raising Minimum Wage: Support: 69% Oppose: 14% ‚õΩ Fuel Duty Freeze: Support: 63% Oppose: 14% üè¢ Rise in Employer NICs: Support: 37% Oppose: 33% üöå Increasing Bus Fare Cap: Support: 23% Oppose: 52% Via @Savanta_UK, 30 Oct.",False,True
minimum wage,1gfssec,https://www.reddit.com/r/ukpolitics/comments/1gfssec/xiaowei_xu_the_rise_in_employer_costs_for_low/,2024-10-30 17:55:31,103,"Xiaowei Xu: The rise in employer costs for low earners (10th percentile) is more than double the rise for average earners. Together with the rise in the minimum wage, this means a big increase in costs for businesses hiring low-paid workers (hospitality, retail etc).",True,True
minimum wage,1gf1qny,https://www.reddit.com/r/ukpolitics/comments/1gf1qny/minimum_wage_to_rise_to_1221_an_hour_next_year/,2024-10-29 18:29:39,195,Minimum wage to rise to ¬£12.21 an hour next year,True,True
minimum wage,1gf15o1,https://www.reddit.com/r/ukpolitics/comments/1gf15o1/budget_2024_minimum_wage_workers_to_get_huge_pay/,2024-10-29 18:05:42,65,Budget 2024: Minimum wage workers to get huge pay boost - what it means for you,True,True
minimum wage,1gf12kz,https://www.reddit.com/r/ukpolitics/comments/1gf12kz/autumn_budget_rachel_reeves_to_raise_national/,2024-10-29 18:02:06,53,Autumn budget: Rachel Reeves to raise national minimum wage by 6.7% in 2025,True,True
minimum wage,1geet2p,https://www.reddit.com/r/ukpolitics/comments/1geet2p/minimum_wage_to_rise_by_more_than_6_in_budget/,2024-10-28 22:13:55,389,Minimum wage to rise by more than 6% in budget,True,True
minimum wage,1f47wzx,https://www.reddit.com/r/ukpolitics/comments/1f47wzx/like_throwing_myself_at_a_wall_uk_graduates/,2024-08-29 18:15:07,230,‚ÄòLike throwing myself at a wall‚Äô: UK graduates struggle in ‚Äòinsane‚Äô job market - ‚ÄòHostile and impersonal‚Äô process to find first job after university leads many to work for minimum wage,True,True
minimum wage,1ep27vy,https://www.reddit.com/r/ukpolitics/comments/1ep27vy/reeves_set_to_sign_off_above_inflation_rise_in/,2024-08-10 21:12:50,480,Reeves set to sign off above inflation rise in minimum wage,True,True
minimum wage,1edqtjz,https://www.reddit.com/r/ukpolitics/comments/1edqtjz/major_change_to_uk_minimum_wage_in_labour_cost_of/,2024-07-27 22:14:05,862,Major change to UK minimum wage in Labour cost of living shake-up - For the first time the Low Pay Commision will have to factor in the cost of living when calculating the suggested level of the minimum wage under a new remit to be announced by Labour's Jonathan Reynolds,True,True
minimum wage,1e658yr,https://www.reddit.com/r/ukpolitics/comments/1e658yr/health_groups_call_for_social_care_minimum_wage/,2024-07-18 08:09:20,67,Health groups call for social care minimum wage to avert staffing crisis in England,True,True
minimum wage,1do04uu,https://www.reddit.com/r/ukpolitics/comments/1do04uu/weekly_real_wage_growth_just_16_since_2010_but/,2024-06-25 08:23:37,94,Weekly real wage growth just ¬£16 since 2010 but minimum wage one of the worlds highest,True,True
minimum wage,1ddop1q,https://www.reddit.com/r/ukpolitics/comments/1ddop1q/labour_to_promise_new_12perhour_minimum_wage_for/,2024-06-11 21:46:55,127,Labour to promise new ¬£12-per-hour minimum wage for carers,True,True
minimum wage,1cm79rl,https://www.reddit.com/r/ukpolitics/comments/1cm79rl/third_of_hmrc_workers_paid_national_minimum_wage/,2024-05-07 09:54:47,127,Third of HMRC workers paid national minimum wage,False,True
minimum wage,1bsofjh,https://www.reddit.com/r/ukpolitics/comments/1bsofjh/minimum_wage_rise_gives_boost_to_27_million/,2024-04-01 00:31:30,53,Minimum wage rise gives boost to 2.7 million lowest-paid,True,True
minimum wage,1boxcrp,https://www.reddit.com/r/ukpolitics/comments/1boxcrp/minimum_wage_is_uks_most_successful_economic/,2024-03-27 09:02:40,578,Minimum wage is UK's 'most successful economic policy in a generation',True,True
minimum wage,1bhwgjj,https://www.reddit.com/r/ukpolitics/comments/1bhwgjj/po_ferries_has_paid_some_crew_less_than_half_uk/,2024-03-18 17:29:06,98,P&O Ferries has paid some crew less than half UK minimum wage,True,True
minimum wage,199nqqq,https://www.reddit.com/r/ukpolitics/comments/199nqqq/currys_boss_lashes_out_at_uk_government_on_tax/,2024-01-18 11:09:17,40,"Currys Boss Lashes Out at UK Government on Tax Hike, Minimum Wage Increase",True,True
minimum wage,18i7nu9,https://www.reddit.com/r/ukpolitics/comments/18i7nu9/currys_boss_minimum_wage_hike_shows_government/,2023-12-14 12:33:33,43,Currys boss: minimum wage hike shows government does not ‚Äòcare‚Äô about retail | Retail industry,True,True
minimum wage,180l6jc,https://www.reddit.com/r/ukpolitics/comments/180l6jc/minimum_wage_to_rise_to_1144_per_hour/,2023-11-21 16:38:09,382,Minimum wage to rise to ¬£11.44 per hour,True,True
minimum wage,17vcch0,https://www.reddit.com/r/ukpolitics/comments/17vcch0/liz_truss_backs_plan_to_cut_minimum_wage_paid/,2023-11-14 21:11:21,445,"Liz Truss backs plan to cut minimum wage, paid holidays and redundancy cash",True,True
minimum wage,16mjgqq,https://www.reddit.com/r/ukpolitics/comments/16mjgqq/uk_care_home_bosses_demand_next_government_funds/,2023-09-19 07:29:55,94,UK care home bosses demand next government funds 44% pay rise for staff | Firms call on future PM to introduce ¬£15-per-hour minimum wage for frontline workers,True,True
minimum wage,16fm9er,https://www.reddit.com/r/ukpolitics/comments/16fm9er/benefits_vs_minimum_wagenurses/,2023-09-11 05:51:31,0,Benefits vs Minimum Wage/Nurses,False,True
minimum wage,159dae8,https://www.reddit.com/r/ukpolitics/comments/159dae8/how_the_national_minimum_wage_has_effectively/,2023-07-25 17:26:03,0,How the national minimum wage has effectively legitimised low pay,True,True
minimum wage,14f3afk,https://www.reddit.com/r/ukpolitics/comments/14f3afk/wh_smith_ms_and_argos_failed_to_pay_minimum_wage/,2023-06-21 10:52:25,156,"WH Smith, M&S and Argos failed to pay minimum wage",True,True
minimum wage,13ep5zc,https://www.reddit.com/r/ukpolitics/comments/13ep5zc/research_reveals_majority_of_gig_economy_workers/,2023-05-11 15:34:02,9,Research reveals majority of gig economy workers are earning below minimum wage,True,True
minimum wage,13ehlo1,https://www.reddit.com/r/ukpolitics/comments/13ehlo1/half_of_uk_gig_economy_workers_earn_below_minimum/,2023-05-11 09:57:36,534,"Half of UK gig economy workers earn below minimum wage, study reveals",True,True
minimum wage,11psdlr,https://www.reddit.com/r/ukpolitics/comments/11psdlr/artists_in_uk_public_sector_making_far_below/,2023-03-12 22:45:03,51,"Artists in UK public sector making far below minimum wage, survey finds",True,True
minimum wage,110g6rv,https://www.reddit.com/r/ukpolitics/comments/110g6rv/exclusive_tory_mp_jonathan_djanogly_and_wife_face/,2023-02-12 13:51:26,842,EXCLUSIVE: Tory MP Jonathan Djanogly and wife face complaints from four more housekeepers - one housekeeper at Jonathan Djanogly's home alleged she was paid less than the minimum wage to work for the millionaire while another claimed to be owed at least ¬£450,True,True
minimum wage,zqps4n,https://www.reddit.com/r/ukpolitics/comments/zqps4n/nhs_workers_had_to_be_given_salary_topup_to_avoid/,2022-12-20 14:20:35,380,NHS workers had to be given salary top-up to avoid minimum wage breach,True,True
minimum wage,yvf2sx,https://www.reddit.com/r/ukpolitics/comments/yvf2sx/rishi_sunak_to_raise_minimum_wage_in_boost_for/,2022-11-14 22:41:59,216,Rishi Sunak to raise minimum wage in boost for poorest,True,True
minimum wage,wwfayu,https://www.reddit.com/r/ukpolitics/comments/wwfayu/minimum_wage_should_rise_to_15_for_all_workers/,2022-08-24 10:53:24,70,"Minimum wage should rise to ¬£15 for all workers, says TUC",True,True
minimum wage,ww89sx,https://www.reddit.com/r/ukpolitics/comments/ww89sx/minimum_wage_should_be_increased_to_15_an_hour_as/,2022-08-24 04:09:48,181,"Minimum wage should be increased to ¬£15 an hour as soon as possible, says TUC | Minimum wage",True,True
minimum wage,wsgeka,https://www.reddit.com/r/ukpolitics/comments/wsgeka/labour_sets_out_plan_to_link_minimum_wage_to_cost/,2022-08-19 16:09:54,478,Labour sets out plan to link minimum wage to cost of living,True,True
minimum wage,vmwhk1,https://www.reddit.com/r/ukpolitics/comments/vmwhk1/richard_burgon_if_people_cant_access_proper_legal/,2022-06-28 21:06:49,320,"Richard Burgon: If people can't access proper legal representation, there's a real risk of a miscarriage of justice. Yet the Government refuses to properly fund our legal aid system. Many barristers' hourly earnings are below the minimum wage. Solidarity to barristers forced to strike today.",True,True
minimum wage,uxc0uz,https://www.reddit.com/r/ukpolitics/comments/uxc0uz/why_a_higher_uk_minimum_wage_fails_to_spur/,2022-05-25 08:29:00,3,"Why a higher UK minimum wage fails to spur productivity - A British experiment ended up with companies accepting lower profits, charging more or cutting investment",True,True
minimum wage,tq3nns,https://www.reddit.com/r/ukpolitics/comments/tq3nns/po_ferries_sackings_ferry_operators_face_minimum/,2022-03-28 08:13:41,66,P&O Ferries sackings: Ferry operators face minimum wage law change,True,True
minimum wage,scf5er,https://www.reddit.com/r/ukpolitics/comments/scf5er/workers_paid_less_than_minimum_wage_in_portugal/,2022-01-25 14:35:56,4,Workers paid less than minimum wage [in Portugal] to pick berries destined for UK supermarkets,True,True
minimum wage,qu8pwh,https://www.reddit.com/r/ukpolitics/comments/qu8pwh/real_living_wage_rise_puts_pressure_on_uk/,2021-11-15 05:08:14,134,"Real living wage rise puts pressure on UK government to raise minimum wage. Living Wage Foundation‚Äôs minimum rate rises by 40p to ¬£9.90 an hour, largely due to higher fuel costs and rents.",True,True
minimum wage,qjzaw3,https://www.reddit.com/r/ukpolitics/comments/qjzaw3/britains_minimum_wage_is_catching_up_with/,2021-10-31 21:34:52,2,Britain‚Äôs minimum wage is catching up with pre-pandemic ambitions - Another bold increase after a pause during the covid-19 pandemic,True,True
minimum wage,qiaxer,https://www.reddit.com/r/ukpolitics/comments/qiaxer/jeremy_corbyn_mp_bankers_will_be_as_delighted/,2021-10-29 12:42:47,332,"Jeremy Corbyn MP: Bankers will be as delighted with the Chancellor‚Äôs gift of a ¬£4bn tax cut as he appeared to be when he failed to deliver for the most vulnerable, skipped over a proper minimum wage and/or a decent pension (the triple-lock) & hastened climate change (cutting air passenger tax)",True,True
council tax,1jttscm,https://www.reddit.com/r/ukpolitics/comments/1jttscm/vikki_slade_mp_our_council_tax_system_is_broken/,2025-04-07 20:22:18,79,"Vikki Slade MP: ""Our Council Tax system is broken! Services are inadequately funded by central government leaving councils teetering on the edge. There needs to be a radical overhaul to fix the years of cuts where councils were forced to do more with less funding.""",True,True
council tax,1jpm39s,https://www.reddit.com/r/ukpolitics/comments/1jpm39s/fury_as_mps_spared_from_second_homes_council_tax/,2025-04-02 12:18:39,132,Fury as MPs spared from second homes council tax surcharge,True,True
council tax,1jh3l4s,https://www.reddit.com/r/ukpolitics/comments/1jh3l4s/northeast_to_pay_record_444_more_in_council_tax/,2025-03-22 08:05:01,132,Northeast to pay record ¬£444 more in council tax than Londoners,True,True
council tax,1jfmkcs,https://www.reddit.com/r/ukpolitics/comments/1jfmkcs/average_council_tax_bills_rise_again_by_5_per_cent/,2025-03-20 11:20:08,11,Average council tax bills rise again by 5 per cent,True,True
council tax,1j5sg7p,https://www.reddit.com/r/ukpolitics/comments/1j5sg7p/the_44_bosses_paid_more_than_keir_starmer_who_are/,2025-03-07 16:22:40,10,The 44 bosses paid more than Keir Starmer - who are hiking your council tax,True,True
council tax,1irfojs,https://www.reddit.com/r/ukpolitics/comments/1irfojs/poorest_uk_households_pay_rising_share_of_income/,2025-02-17 09:00:36,120,"Poorest UK households pay rising share of income on council tax, study finds",True,True
council tax,1imulte,https://www.reddit.com/r/ukpolitics/comments/1imulte/council_tax_rises_blamed_on_reevess_disastrous/,2025-02-11 09:13:10,0,Council tax rises blamed on Reeves‚Äôs ‚Äòdisastrous‚Äô ¬£40bn raid,True,True
council tax,1ihdyj4,https://www.reddit.com/r/ukpolitics/comments/1ihdyj4/millions_face_council_tax_rise_of_more_than_5/,2025-02-04 09:30:53,76,Millions face council tax rise of more than 5%,True,True
council tax,1if414f,https://www.reddit.com/r/ukpolitics/comments/1if414f/ministers_could_allow_council_tax_to_rise_by_up/,2025-02-01 11:02:54,35,Ministers could allow council tax to rise by up to 25% to prevent bankruptcies,True,True
council tax,1idw3w0,https://www.reddit.com/r/ukpolitics/comments/1idw3w0/almost_all_county_councils_in_england_to_raise/,2025-01-30 20:06:00,47,Almost all county councils in England to raise council tax by maximum amount,True,True
council tax,1ibyozg,https://www.reddit.com/r/ukpolitics/comments/1ibyozg/the_eight_places_where_council_tax_is_set_to_rise/,2025-01-28 10:34:32,22,The eight places where council tax is set to rise by up to 25% - mapped,True,True
council tax,1ibhih4,https://www.reddit.com/r/ukpolitics/comments/1ibhih4/american_actor_mercer_boffey_loses_legal_bid_to/,2025-01-27 19:21:04,10,American actor Mercer Boffey loses legal bid to scrap council tax,True,True
council tax,1ibagra,https://www.reddit.com/r/ukpolitics/comments/1ibagra/does_council_tax_disincentivise_affordable_housing/,2025-01-27 14:35:01,8,Does council tax disincentivise affordable housing?,False,True
council tax,1i8su9y,https://www.reddit.com/r/ukpolitics/comments/1i8su9y/oxford_citys_second_homes_to_face_200_council_tax/,2025-01-24 10:57:01,679,Oxford: City's second homes to face 200% council tax charge,True,True
council tax,1i7zi7h,https://www.reddit.com/r/ukpolitics/comments/1i7zi7h/charities_call_for_end_to_cruel_threat_of_jail/,2025-01-23 09:17:06,28,Charities call for end to 'cruel' threat of jail for non-payment of council tax,True,True
council tax,1hmu95y,https://www.reddit.com/r/ukpolitics/comments/1hmu95y/quarter_of_council_tax_revenue_spent_on/,2024-12-26 18:15:28,345,Quarter of council tax revenue spent on ‚Äòunjustifiably generous‚Äô staff pensions,True,True
council tax,1hgbq1t,https://www.reddit.com/r/ukpolitics/comments/1hgbq1t/council_tax_increase_to_raise_up_to_330m_for/,2024-12-17 14:24:51,6,Council tax increase to raise up to ¬£330m for police forces,True,True
council tax,1gsn09m,https://www.reddit.com/r/ukpolitics/comments/1gsn09m/one_in_ten_to_be_hit_with_3000_council_tax_bills/,2024-11-16 13:14:04,0,"One in ten to be hit with ¬£3,000 council tax bills for first time under Labour",True,True
council tax,1grw9qd,https://www.reddit.com/r/ukpolitics/comments/1grw9qd/starmer_promised_to_freeze_council_tax_then/,2024-11-15 13:24:58,0,Starmer promised to freeze council tax ‚Äì then raised it by 5pc,True,True
council tax,1gr6v0o,https://www.reddit.com/r/ukpolitics/comments/1gr6v0o/minister_hints_at_council_tax_shakeup_that_would/,2024-11-14 15:08:41,0,Minister hints at council tax shake-up that would hit owners of large homes,True,True
council tax,1gr16gb,https://www.reddit.com/r/ukpolitics/comments/1gr16gb/keir_starmer_dodges_question_during_pmqs_about/,2024-11-14 09:35:37,0,Keir Starmer dodges question during PMQs about whether he is keeping cap on council tax,True,True
council tax,1gqim8b,https://www.reddit.com/r/ukpolitics/comments/1gqim8b/council_tax_in_bristol_could_rise_by_an/,2024-11-13 17:40:25,47,Council tax in Bristol could rise by an unprecedented 15%,False,True
council tax,1gqgt1q,https://www.reddit.com/r/ukpolitics/comments/1gqgt1q/tories_blame_their_own_council_tax_rises_on/,2024-11-13 16:26:18,239,Tories blame their own council tax rises on Labour as Kemi Badenoch asks 'fantasy questions',True,True
council tax,1g83x54,https://www.reddit.com/r/ukpolitics/comments/1g83x54/mark_drakeford_exempt_from_second_home_tax_on/,2024-10-20 18:23:45,22,Mark Drakeford ‚Äòexempt‚Äô from second home tax on holiday chalet - Former Welsh first minister‚Äôs Pembrokeshire property spared from council tax surcharge,True,True
council tax,1fxzghh,https://www.reddit.com/r/ukpolitics/comments/1fxzghh/second_homes_hut_with_no_toilet_gets_300_council/,2024-10-07 05:26:22,106,Second homes: Hut with no toilet gets 300% council tax bill,True,True
council tax,1fmy24v,https://www.reddit.com/r/ukpolitics/comments/1fmy24v/rachel_reeves_wont_scrap_single_person_council/,2024-09-22 18:02:51,298,Rachel Reeves won‚Äôt scrap single person council tax discount,True,True
council tax,1fhdrx1,https://www.reddit.com/r/ukpolitics/comments/1fhdrx1/council_tax_hike_on_second_homes_triggers_surge/,2024-09-15 15:27:54,138,Council tax hike on second homes triggers surge in sell-offs - and mixed emotions,True,True
council tax,1fek45x,https://www.reddit.com/r/ukpolitics/comments/1fek45x/starmer_set_to_target_millions_more_pensioners_by/,2024-09-11 21:21:52,0,Starmer set to target millions more pensioners by scrapping council tax discount,True,True
council tax,1fajttc,https://www.reddit.com/r/ukpolitics/comments/1fajttc/four_million_pensioners_at_risk_of_council_tax/,2024-09-06 17:44:12,0,Four million pensioners at risk of council tax raid,True,True
council tax,1faa5s5,https://www.reddit.com/r/ukpolitics/comments/1faa5s5/second_homes_for_sale_treble_after_council_tax/,2024-09-06 09:28:15,158,Second homes for sale treble after council tax hike,True,True
council tax,1f7epcr,https://www.reddit.com/r/ukpolitics/comments/1f7epcr/no_plans_to_raise_council_tax_but_rayner_does_not/,2024-09-02 19:54:15,35,‚ÄòNo plans‚Äô to raise council tax but Rayner does not rule out discounts cut,True,True
council tax,1elcdxi,https://www.reddit.com/r/ukpolitics/comments/1elcdxi/new_figures_reveal_6_billion_of_unpaid_council/,2024-08-06 09:22:40,39,New figures reveal ¬£6 billion of unpaid council tax as Covid and cost of living bites,True,True
council tax,1ei3fdu,https://www.reddit.com/r/ukpolitics/comments/1ei3fdu/new_council_tax_band_system_under_labour_will/,2024-08-02 07:51:17,0,"New council tax band system under Labour will push bills up by ¬£1,230",True,True
council tax,1dv2k3a,https://www.reddit.com/r/ukpolitics/comments/1dv2k3a/labour_council_tax_overhaul_would_push_up_bills/,2024-07-04 10:11:03,0,"Labour council tax overhaul would push up bills by ¬£1,230",True,True
council tax,1dn73ut,https://www.reddit.com/r/ukpolitics/comments/1dn73ut/the_next_government_must_be_bold_in_confronting/,2024-06-24 07:42:57,9,The next government must be bold in confronting council tax,True,True
council tax,1dk4vku,https://www.reddit.com/r/ukpolitics/comments/1dk4vku/what_percentage_of_people_would_lose_out_from/,2024-06-20 07:23:24,0,What percentage of people would lose out from revenue neutral council tax reform?,False,True
council tax,1dhbyss,https://www.reddit.com/r/ukpolitics/comments/1dhbyss/wes_streeting_fails_to_rule_out_council_tax_rise/,2024-06-16 17:59:11,0,Wes Streeting fails to rule out council tax rise if Labour wins election,True,True
council tax,1cuu18o,https://www.reddit.com/r/ukpolitics/comments/1cuu18o/north_yorkshire_council_bans_public_from_asking/,2024-05-18 11:08:43,109,North Yorkshire Council bans public from asking questions at annual council tax meeting.,True,True
council tax,1bsvquw,https://www.reddit.com/r/ukpolitics/comments/1bsvquw/council_tax_to_double_for_80_per_cent_of_second/,2024-04-01 06:39:07,644,Council tax to double for 80 per cent of second homes,True,True
council tax,1auwf9w,https://www.reddit.com/r/ukpolitics/comments/1auwf9w/bankrupt_birmingham_reveals_21_council_tax_rise/,2024-02-19 19:40:26,52,'Bankrupt' Birmingham reveals 21% council tax rise,True,True
council tax,1ap3bql,https://www.reddit.com/r/ukpolitics/comments/1ap3bql/millions_of_households_in_england_expected_to_see/,2024-02-12 16:01:11,38,Millions of households in England expected to see their council tax bills rise in April,True,True
council tax,1ampkr2,https://www.reddit.com/r/ukpolitics/comments/1ampkr2/rishi_sunak_criticises_local_authorities_for/,2024-02-09 14:38:23,46,Rishi Sunak criticises local authorities for requesting steep council tax rises,True,True
council tax,1ah8ugm,https://www.reddit.com/r/ukpolitics/comments/1ah8ugm/nearly_half_of_homes_pay_more_council_tax_than/,2024-02-02 17:16:41,182,Nearly half of homes pay more council tax than Buckingham Palace,True,True
council tax,1ah4b7k,https://www.reddit.com/r/ukpolitics/comments/1ah4b7k/east_riding_of_yorkshire_council_to_put_council/,2024-02-02 13:59:45,45,East Riding of Yorkshire Council to put council tax up by the maximum allowed to cover ¬£12.7 million gap in budget,True,True
council tax,1afreip,https://www.reddit.com/r/ukpolitics/comments/1afreip/steep_rise_in_council_tax_for_yeovil_and_taunton/,2024-01-31 20:14:03,15,Steep rise in council tax for Yeovil and Taunton to save services,True,True
council tax,1afcocu,https://www.reddit.com/r/ukpolitics/comments/1afcocu/britains_council_tax_is_arbitrary_regressive_and/,2024-01-31 07:53:28,225,"Britain‚Äôs council tax is arbitrary, regressive and needs fixing",True,True
council tax,1aen6xs,https://www.reddit.com/r/ukpolitics/comments/1aen6xs/wales_has_been_brave_enough_to_completely_rethink/,2024-01-30 12:23:26,43,"Wales has been brave enough to completely rethink the hated council tax. Take note, England",True,True
council tax,1aejzur,https://www.reddit.com/r/ukpolitics/comments/1aejzur/tories_urged_to_introduce_council_tax_super_bands/,2024-01-30 08:51:36,26,Tories urged to introduce council tax 'super bands' for properties worth over ¬£2million. The Northern Powerhouse Partnership said the Chancellor Jeremy Hunt must overhaul the 'actively regressive' and 'broken' council tax model based on 1991 valuations of homes.,True,True
council tax,1ae4p5e,https://www.reddit.com/r/ukpolitics/comments/1ae4p5e/households_in_england_face_aboveinflation_2bn/,2024-01-29 20:03:49,33,Households in England face above-inflation ¬£2bn council tax raid,True,True
council tax,1ab7azo,https://www.reddit.com/r/ukpolitics/comments/1ab7azo/bbc_news_council_tax_bands_need_overhauling/,2024-01-26 02:21:17,20,"BBC News: Council tax bands need overhauling, northern business group says",True,True
income tax,1ji2gdy,https://www.reddit.com/r/ukpolitics/comments/1ji2gdy/how_much_do_people_actually_know_about_the_10_of/,2025-03-23 15:57:00,109,"How much do people actually know about ""The 10% of income taxpayers with the largest incomes contribute over 60% of income tax receipts."" and majority of population in the UK being net recipient ""53.8% of all UK individuals were net recipients""?",False,True
income tax,1jgnz19,https://www.reddit.com/r/ukpolitics/comments/1jgnz19/income_tax_at_40pc_is_becoming_the_norm_in/,2025-03-21 18:34:29,0,Income tax at 40pc is becoming the norm in Starmer‚Äôs Britain,True,True
income tax,1jb96h0,https://www.reddit.com/r/ukpolitics/comments/1jb96h0/more_retired_baby_boomers_pay_income_tax_than_gen/,2025-03-14 17:18:08,0,More retired baby boomers pay income tax than Gen Z,True,True
income tax,1j8sbnd,https://www.reddit.com/r/ukpolitics/comments/1j8sbnd/negative_income_tax_instead_of/,2025-03-11 14:41:20,10,Negative Income Tax instead of Benefits/Pensions/Welfare,False,True
income tax,1j6ehrl,https://www.reddit.com/r/ukpolitics/comments/1j6ehrl/handouts_offered_through_sickness_and_disability/,2025-03-08 10:35:03,87,"Handouts offered through sickness and disability benefits bill will swallow up a quarter of income tax intake by 2030, report warns",True,True
income tax,1ipx4z1,https://www.reddit.com/r/ukpolitics/comments/1ipx4z1/2526_income_tax_thresholds/,2025-02-15 08:32:58,0,25/26 Income Tax Thresholds,True,True
income tax,1igk20t,https://www.reddit.com/r/ukpolitics/comments/1igk20t/ten_million_pensioners_to_be_hit_with_income_tax/,2025-02-03 07:52:16,0,Ten million pensioners to be hit with income tax bill,True,True
income tax,1gk2eth,https://www.reddit.com/r/ukpolitics/comments/1gk2eth/bus_fare_hike_same_as_1p_income_tax_rise_on/,2024-11-05 08:51:50,71,Bus fare hike same as 1p income tax rise on working people who commute - new analysis,True,True
income tax,1gfsox5,https://www.reddit.com/r/ukpolitics/comments/1gfsox5/paul_johnson_obr_has_downgraded_forecast_of/,2024-10-30 17:51:33,271,"Paul Johnson: OBR has downgraded forecast of household income growth due in part to a ""substantial part of the employer NICs increase being passed onto real wages"". To be clear govt HAD to increase income tax, NI or VAT. But to suggest this doesn't impact people's incomes is ludicrous",True,True
income tax,1gcr46z,https://www.reddit.com/r/ukpolitics/comments/1gcr46z/income_tax_how_it_works_what_you_pay_and_who/,2024-10-26 19:08:24,13,"Income tax: How it works, what you pay - and who forks out the most",True,True
income tax,1g734n2,https://www.reddit.com/r/ukpolitics/comments/1g734n2/budget_2024_reeves_considers_income_tax_threshold/,2024-10-19 07:48:01,36,Budget 2024: Reeves considers income tax threshold freeze,True,True
income tax,1g6mt59,https://www.reddit.com/r/ukpolitics/comments/1g6mt59/chancellor_rachel_reeves_considering_income_tax/,2024-10-18 17:49:08,0,Chancellor Rachel Reeves 'considering income tax squeeze' in upcoming Budget,True,True
income tax,1g5m6kp,https://www.reddit.com/r/ukpolitics/comments/1g5m6kp/how_to_reform_capital_gains_tax_and_cut_income_tax/,2024-10-17 09:32:40,12,How to reform capital gains tax and cut income tax,False,True
income tax,1g2wawh,https://www.reddit.com/r/ukpolitics/comments/1g2wawh/one_million_top_taxpayers_pay_more_than_two/,2024-10-13 19:29:37,308,One million top taxpayers pay more than two fifths of all income tax,True,True
income tax,1fzfktu,https://www.reddit.com/r/ukpolitics/comments/1fzfktu/amount_uks_richest_pay_in_income_tax_revealed/,2024-10-09 01:58:48,26,Amount UK's richest pay in income tax revealed,True,True
income tax,1eehdtq,https://www.reddit.com/r/ukpolitics/comments/1eehdtq/treasury_draws_up_plans_to_bring_cgt_into_line/,2024-07-28 21:49:30,283,Treasury draws up plans to bring CGT into line with income tax to fix ‚Äòbroken‚Äô Britain,True,True
income tax,1dq0xlc,https://www.reddit.com/r/ukpolitics/comments/1dq0xlc/number_of_uk_income_tax_payers_leaps_by_44m_in/,2024-06-27 21:15:08,47,Number of UK income tax payers leaps by 4.4m in three years due to threshold freeze,True,True
income tax,1dm7tei,https://www.reddit.com/r/ukpolitics/comments/1dm7tei/would_a_wealth_adjusted_income_tax_make_sense/,2024-06-22 23:51:45,0,Would a wealth adjusted income tax make sense?,False,True
income tax,1dd7uy7,https://www.reddit.com/r/ukpolitics/comments/1dd7uy7/higher_share_of_pensioners_pay_income_tax_than/,2024-06-11 07:55:12,24,"Higher share of pensioners pay income tax than working people for first time, says IFS",True,True
income tax,1cbtgyi,https://www.reddit.com/r/ukpolitics/comments/1cbtgyi/pensioners_fears_over_income_tax_burden/,2024-04-24 09:58:36,34,Pensioners' fears over income tax burden,True,True
income tax,1b4xrqt,https://www.reddit.com/r/ukpolitics/comments/1b4xrqt/will_rishi_sunak_fly_flag_for_tory_right_and_cut/,2024-03-02 20:24:34,0,Will Rishi Sunak fly flag for Tory right and cut 2p off income tax?,True,True
income tax,1ay8e12,https://www.reddit.com/r/ukpolitics/comments/1ay8e12/reform_partys_draft_manifesto_would_raise_40p/,2024-02-23 18:50:10,166,Reform Party‚Äôs draft manifesto would raise 40p income tax threshold to ¬£70k,True,True
income tax,1ars6sw,https://www.reddit.com/r/ukpolitics/comments/1ars6sw/jeremy_hunt_drops_plans_for_2p_income_tax_cut/,2024-02-15 22:26:20,135,Jeremy Hunt drops plans for 2p income tax cut,True,True
income tax,1akwvq0,https://www.reddit.com/r/ukpolitics/comments/1akwvq0/income_tax_would_rise_by_4pc_to_fund_labours_28bn/,2024-02-07 06:47:58,0,"Income tax would rise by 4pc to fund Labour‚Äôs ¬£28bn green borrowing, says Hunt",True,True
income tax,18zwf08,https://www.reddit.com/r/ukpolitics/comments/18zwf08/cutting_inheritance_tax_over_income_tax_would_be/,2024-01-06 09:35:41,77,Cutting inheritance tax over income tax would be an own goal for Sunak and Hunt,True,True
income tax,18sod8s,https://www.reddit.com/r/ukpolitics/comments/18sod8s/tories_urge_sunak_to_focus_on_slashing_income_tax/,2023-12-28 07:43:36,246,Tories urge Sunak to focus on slashing income tax,True,True
income tax,18m3g24,https://www.reddit.com/r/ukpolitics/comments/18m3g24/new_income_tax_band_for_higher_earners_in_scotland/,2023-12-19 14:41:33,434,New income tax band for higher earners in Scotland,True,True
income tax,182xaua,https://www.reddit.com/r/ukpolitics/comments/182xaua/600000_miss_out_on_350_income_tax_rebate_because/,2023-11-24 17:30:21,175,"600,000 miss out on ¬£350 income tax rebate because HMRC insists on using cheques",True,True
income tax,181whpl,https://www.reddit.com/r/ukpolitics/comments/181whpl/millions_of_workers_to_be_dragged_into_40pc/,2023-11-23 08:19:40,500,Millions of workers to be dragged into 40pc income tax band. ‚ÄòFiscal drag‚Äô phenomenon will also mean a further four million on relatively low incomes will be captured by tax system.,True,True
income tax,17yweex,https://www.reddit.com/r/ukpolitics/comments/17yweex/hunt_does_not_rule_out_income_tax_cuts/,2023-11-19 12:42:43,97,Hunt does not rule out income tax cuts,True,True
income tax,171lz7b,https://www.reddit.com/r/ukpolitics/comments/171lz7b/rishi_sunak_responsible_for_biggest_income_tax/,2023-10-06 20:53:34,90,Rishi Sunak ‚Äòresponsible for biggest income tax rise in at least 50 years‚Äô,True,True
income tax,16lnxn8,https://www.reddit.com/r/ukpolitics/comments/16lnxn8/liz_truss_minibudget_nearly_included_flat_20p/,2023-09-18 07:35:00,541,Liz Truss mini-budget nearly included flat 20p rate of income tax. Proposal from Jacob Rees-Mogg described as going ‚Äòfull Estonia‚Äô.,True,True
income tax,1695jxc,https://www.reddit.com/r/ukpolitics/comments/1695jxc/keir_starmer_pledges_not_to_increase_income_tax/,2023-09-03 20:15:57,123,Keir Starmer pledges not to increase income tax in major election promise,True,True
income tax,166axhy,https://www.reddit.com/r/ukpolitics/comments/166axhy/toll_roads_and_higher_income_tax_the_future_of/,2023-08-31 14:17:22,0,Toll roads and higher income tax ‚Äì the future of electric car Britain,True,True
income tax,14id42n,https://www.reddit.com/r/ukpolitics/comments/14id42n/starmer_indicates_he_will_not_raise_income_tax/,2023-06-25 05:48:47,94,Starmer indicates he will not raise income tax for top earners,True,True
income tax,14h9r5d,https://www.reddit.com/r/ukpolitics/comments/14h9r5d/keir_starmer_i_dont_want_to_raise_income_tax_for/,2023-06-23 22:04:30,14,Keir Starmer: I don‚Äôt want to raise income tax for top earners,True,True
income tax,13wtq81,https://www.reddit.com/r/ukpolitics/comments/13wtq81/labour_policy_pledges_would_cost_the_same_as_a_3p/,2023-05-31 19:17:43,5,"Labour policy pledges would cost the same as a 3p rise in income tax, analysis shows",True,True
income tax,13iyd4j,https://www.reddit.com/r/ukpolitics/comments/13iyd4j/sunak_pulls_off_biggest_tax_raid_in_44_years_as/,2023-05-16 08:42:04,889,Sunak pulls off biggest tax raid in 44 years as one in five pay higher rate - Six-year freeze on income tax thresholds is Treasury‚Äôs single biggest revenue raiser,True,True
income tax,13ix41h,https://www.reddit.com/r/ukpolitics/comments/13ix41h/millions_face_income_tax_rise_that_will_put_them/,2023-05-16 07:28:54,154,Millions face income tax rise that will put them in 40p band,True,True
income tax,11rxkmi,https://www.reddit.com/r/ukpolitics/comments/11rxkmi/obr_says_stealth_taxes_introduced_since_april/,2023-03-15 14:11:29,167,"OBR says stealth taxes introduced since April 2021 are equivalent to 4p increase in basic rate of income tax. 3.2m people will become new taxpayers, 2.1m higher rate taxpayers and 350,000 hit 45p rate",True,True
income tax,1121kv8,https://www.reddit.com/r/ukpolitics/comments/1121kv8/bbc_india_offices_searched_by_income_tax_officials/,2023-02-14 10:19:38,96,BBC India offices searched by income tax officials,True,True
income tax,10veivg,https://www.reddit.com/r/ukpolitics/comments/10veivg/loweringscrapping_income_tax_for_nurses/,2023-02-06 18:47:13,0,Lowering/scrapping income tax for nurses?,False,True
income tax,109xodn,https://www.reddit.com/r/ukpolitics/comments/109xodn/over50s_could_be_exempt_from_income_tax_in_a_bid/,2023-01-12 11:43:12,114,"Over-50s could be EXEMPT from income tax in a bid to tempt them back into work after Covid, with disabled keeping benefits when they get jobs: Ministers mull drastic action to cut levels of inactivity in labour force",True,True
income tax,109xakq,https://www.reddit.com/r/ukpolitics/comments/109xakq/the_times_has_also_been_told_that_the_treasury_is/,2023-01-12 11:19:33,481,"The Times has also been told that the Treasury is discussing giving people tax breaks to go back to work Discussion is at an early stage, but there's talk around allowances and even exempting over 50s from income tax",True,True
income tax,zh773o,https://www.reddit.com/r/ukpolitics/comments/zh773o/scottish_government_considering_income_tax_rate/,2022-12-09 20:04:57,31,Scottish Government considering income tax rate rises for middle and top earners,True,True
income tax,yqiy65,https://www.reddit.com/r/ukpolitics/comments/yqiy65/jeremy_hunt_considers_cutting_threshold_on_top/,2022-11-09 13:25:30,19,Jeremy Hunt considers cutting threshold on top rate of UK income tax,True,True
income tax,y67akt,https://www.reddit.com/r/ukpolitics/comments/y67akt/income_tax_wont_be_cut_and_energy_bill_cap_could/,2022-10-17 11:19:26,209,Income tax WON'T be cut and energy bill cap could end in APRIL: New Chancellor Jeremy Hunt takes a wrecking ball to Trussonomics with frantic overhaul to save government cash - as Tories warn PM must be out in DAYS and ministers refuse to defend her on TV,True,True
income tax,y677q3,https://www.reddit.com/r/ukpolitics/comments/y677q3/jeremy_hunt_has_taken_a_wrecking_ball_to_liz/,2022-10-17 11:15:05,69,"Jeremy Hunt has taken a wrecking ball to Liz Truss's tax plans. *Says he will ""reverse almost all the tax measures announced in the growth plan"" *No longer cut dividend tax *Abandon IR35 changes *Won't cut basic rate of income tax, it remains at 20% indefinitely",True,True
income tax,y63glt,https://www.reddit.com/r/ukpolitics/comments/y63glt/george_parker_told_that_almost_all_of_kwasi/,2022-10-17 07:25:12,295,"[George Parker] Told that almost all of Kwasi Kwarteng's ¬£45bn of unfunded tax cuts (with the exception of the ¬£13bn NICs cut, already through the Commons) will be scrapped. That includes income tax cut and stuff on dividends, stamp duty, foreign shoppers and IR35. Spending stuff coming later",False,True
income tax,xyt51f,https://www.reddit.com/r/ukpolitics/comments/xyt51f/the_uk_should_cut_the_top_90_rate_of_income_tax/,2022-10-08 14:42:13,0,The UK should cut the top 90% rate of income tax - well-intentioned bodges to the UK income tax system have created anomalously high marginal tax rates for people earning between ¬£50-60k and ¬£100-125k,True,True
national insurance,1jt0242,https://www.reddit.com/r/ukpolitics/comments/1jt0242/streeting_defends_national_insurance_hike_as_he/,2025-04-06 18:53:44,4,Streeting defends national insurance hike as he urges Farage to ‚Äòcome clean‚Äô over NHS,True,True
national insurance,1jspiml,https://www.reddit.com/r/ukpolitics/comments/1jspiml/prices_pushed_higher_and_warnings_of_job_losses/,2025-04-06 09:30:45,76,Prices ‚Äòpushed higher‚Äô and warnings of job losses as National Insurance rise comes into effect,True,True
national insurance,1jsghy1,https://www.reddit.com/r/ukpolitics/comments/1jsghy1/andrew_neil_tomorrows_25bn_national_insurance/,2025-04-06 00:19:43,0,ANDREW NEIL: Tomorrow's ¬£25bn national insurance rise is the most self-harming tax in history,True,True
national insurance,1js3mcu,https://www.reddit.com/r/ukpolitics/comments/1js3mcu/we_will_see_closures_the_industries_hit_hardest/,2025-04-05 14:36:32,7,'We will see closures': The industries hit hardest by national insurance hike,True,True
national insurance,1jl0del,https://www.reddit.com/r/ukpolitics/comments/1jl0del/national_insurance_raid_will_not_hit_small/,2025-03-27 09:59:37,0,"National Insurance raid will not hit small businesses, Rachel Reeves insists",True,True
national insurance,1jfne20,https://www.reddit.com/r/ukpolitics/comments/1jfne20/mps_vote_against_exempting_gp_practices_from_nics/,2025-03-20 12:09:25,9,MPs vote against exempting GP practices from NICs [National Insurance contributions] hike,True,True
national insurance,1jejzgz,https://www.reddit.com/r/ukpolitics/comments/1jejzgz/conservatives_aim_to_hijack_national_insurance/,2025-03-19 00:03:43,0,Conservatives aim to hijack National Insurance bill,True,True
national insurance,1hbivfb,https://www.reddit.com/r/ukpolitics/comments/1hbivfb/services_will_close_over_national_insurance_rise/,2024-12-11 02:10:42,15,"Services will close over National Insurance rise, Mencap tells BBC",True,True
national insurance,1h9sfzo,https://www.reddit.com/r/ukpolitics/comments/1h9sfzo/uk_heading_for_recession_amid_jobs_car_crash/,2024-12-08 20:48:59,0,"UK 'heading for recession' amid 'jobs car crash' sparked by national insurance hike, recruitment giant warns",True,True
national insurance,1h06pl9,https://www.reddit.com/r/ukpolitics/comments/1h06pl9/would_another_tax_be_better_than_employer/,2024-11-26 07:54:46,4,would another tax be better than Employer National insurance?,False,True
national insurance,1gur92a,https://www.reddit.com/r/ukpolitics/comments/1gur92a/retailers_say_national_insurance_rise_makes_job/,2024-11-19 06:48:35,213,Retailers say national insurance rise makes job losses inevitable,True,True
national insurance,1gpt28v,https://www.reddit.com/r/ukpolitics/comments/1gpt28v/helen_morgan_mp_labours_national_insurance_tax/,2024-11-12 19:26:15,0,Helen Morgan MP: Labour's National Insurance tax rise will hit health and care services and punish patients. It risks making the NHS and social care crisis even worse and should be cancelled. My joint @LibDems letter to the Chancellor üëá,True,True
national insurance,1go9sw3,https://www.reddit.com/r/ukpolitics/comments/1go9sw3/government_expected_to_help_uk_hospices_hit_by/,2024-11-10 20:18:23,8,Government expected to help UK hospices hit by national insurance rise,True,True
national insurance,1gipsot,https://www.reddit.com/r/ukpolitics/comments/1gipsot/national_insurance_raid_will_hit_women_hardest/,2024-11-03 15:45:49,0,"National Insurance raid will hit women hardest, economists warn - Institute for Fiscal Studies says women more likely to be low earners, ‚Äòso it is likely to hit women more than men in that regard‚Äô",True,True
national insurance,1gil2b6,https://www.reddit.com/r/ukpolitics/comments/1gil2b6/kemi_badenoch_refuses_to_promise_national/,2024-11-03 11:48:09,176,Kemi Badenoch refuses to promise National Insurance tax raid reversal,True,True
national insurance,1gh9g6s,https://www.reddit.com/r/ukpolitics/comments/1gh9g6s/the_obr_report_is_changing_the_debate_it_spells/,2024-11-01 16:26:08,141,The OBR report is changing the debate. It spells out that 75% of ‚Äúemployers‚Äù national insurance will be borne by workers via lower wages. Reeves‚Äô line - that employers are paying and workers somehow are not - becomes impossible to sustain‚Ä¶,True,True
national insurance,1ggixc5,https://www.reddit.com/r/ukpolitics/comments/1ggixc5/the_devastated_business_owners_left_in_tears_by/,2024-10-31 16:39:52,0,"The devastated business owners left in tears by Labour's Budget: Hairdresser breaks down on live TV as IFS warns National Insurance hike will hit low-paid jobs hardest and force firms to cut salaries, reduce hiring and put up prices",True,True
national insurance,1ggfuwo,https://www.reddit.com/r/ukpolitics/comments/1ggfuwo/ed_davey_care_sector_will_be_pushed_to_brink_by/,2024-10-31 14:28:50,22,Ed Davey: care sector will be ‚Äòpushed to brink‚Äô by national insurance hike and should be exempt,True,True
national insurance,1gfzw79,https://www.reddit.com/r/ukpolitics/comments/1gfzw79/why_do_people_think_that_only_uk_companies_will/,2024-10-30 22:58:48,356,Why do people think that only UK companies will be unable to survive a small rise in Employer‚Äôs National Insurance? ,False,True
national insurance,1gfqxz4,https://www.reddit.com/r/ukpolitics/comments/1gfqxz4/national_insurance_firms_to_pay_more_than_half_of/,2024-10-30 16:38:56,14,National Insurance: Firms to pay more than half of Budget tax rises,True,True
national insurance,1gfmgq3,https://www.reddit.com/r/ukpolitics/comments/1gfmgq3/employers_national_insurance_rise_is_bigger_than/,2024-10-30 13:25:36,277,Employers' national insurance rise is bigger than predicted as chancellor seeks to raise ¬£40bn in taxes | Politics News,True,True
national insurance,1gcipif,https://www.reddit.com/r/ukpolitics/comments/1gcipif/umbrella_contractors_set_to_be_stung_at_autumn/,2024-10-26 12:11:45,9,Umbrella contractors set to be stung at Autumn Budget by Employer National Insurance hike - IT Contracting,True,True
national insurance,1gc5kuv,https://www.reddit.com/r/ukpolitics/comments/1gc5kuv/chancellor_expected_to_hike_employers_national/,2024-10-25 22:43:37,80,Chancellor expected to hike employers National Insurance,True,True
national insurance,1ga4yyu,https://www.reddit.com/r/ukpolitics/comments/1ga4yyu/rachel_reeves_to_protect_publicsector_workers/,2024-10-23 08:47:49,95,Rachel Reeves to protect public-sector workers from tax raid - The NHS and government departments will be exempt from the chancellor‚Äôs plan to impose national insurance on employers‚Äô pension contributions,True,True
national insurance,1g4iiwv,https://www.reddit.com/r/ukpolitics/comments/1g4iiwv/national_insurance_raid_will_be_a_disaster_and/,2024-10-15 22:09:46,0,National Insurance raid will be a disaster ‚Äì and even the Chancellor knows it,True,True
national insurance,1g2s0b3,https://www.reddit.com/r/ukpolitics/comments/1g2s0b3/budget_could_include_rise_in_employers_national/,2024-10-13 16:20:29,20,"Budget could include rise in employers‚Äô national insurance, minister suggests",True,True
national insurance,1g2ntbd,https://www.reddit.com/r/ukpolitics/comments/1g2ntbd/labours_promise_not_to_increase_national/,2024-10-13 12:44:37,41,Labour's promise not to increase national insurance in the party's manifesto was a reference to employees,True,True
national insurance,1g0eq6x,https://www.reddit.com/r/ukpolitics/comments/1g0eq6x/will_labour_increase_employer_national_insurance/,2024-10-10 10:17:57,0,Will Labour increase employer national insurance?,False,True
national insurance,1g01i4v,https://www.reddit.com/r/ukpolitics/comments/1g01i4v/reeves_mulling_national_insurance_on_employer/,2024-10-09 21:37:47,20,Reeves mulling national insurance on employer pension contributions | Tax and spending,True,True
national insurance,1dd5y10,https://www.reddit.com/r/ukpolitics/comments/1dd5y10/tories_to_pledge_further_2p_national_insurance/,2024-06-11 05:48:01,40,Tories to pledge further 2p National Insurance cut in manifesto,True,True
national insurance,1cutrlj,https://www.reddit.com/r/ukpolitics/comments/1cutrlj/jeremy_hunt_pledges_further_national_insurance/,2024-05-18 10:49:24,0,Jeremy Hunt pledges further national insurance cut in the autumn 'if we can afford it',True,True
national insurance,1cmces1,https://www.reddit.com/r/ukpolitics/comments/1cmces1/reeves_says_lawson_was_right_on_national_insurance/,2024-05-07 14:51:39,73,Reeves says Lawson was right on National Insurance,True,True
national insurance,1cgl5bd,https://www.reddit.com/r/ukpolitics/comments/1cgl5bd/secret_thatcherera_memo_undermines_sunaks_plan_to/,2024-04-30 06:31:02,130,Secret Thatcher-era memo undermines Sunak‚Äôs plan to scrap national insurance,True,True
national insurance,1c8j91l,https://www.reddit.com/r/ukpolitics/comments/1c8j91l/jeremy_hunt_targets_further_2p_cut_in_national/,2024-04-20 07:34:36,56,Jeremy Hunt targets further 2p cut in national insurance,True,True
national insurance,1be17nl,https://www.reddit.com/r/ukpolitics/comments/1be17nl/hunt_says_plan_to_scrap_employee_national/,2024-03-13 20:02:12,29,Hunt says plan to scrap employee national insurance could ‚Äòtake more than a decade‚Äô,True,True
national insurance,1bc9pp4,https://www.reddit.com/r/ukpolitics/comments/1bc9pp4/employer_national_insurance_is_just_another_tax/,2024-03-11 18:04:04,34,Employer National Insurance Is Just Another Tax,False,True
national insurance,1bajqsl,https://www.reddit.com/r/ukpolitics/comments/1bajqsl/tory_mps_fear_jeremy_hunts_national_insurance/,2024-03-09 15:05:37,18,Tory MPs fear Jeremy Hunt‚Äôs national insurance gamble will backfire,True,True
national insurance,1b7wvof,https://www.reddit.com/r/ukpolitics/comments/1b7wvof/how_much_money_would_you_save_with_jeremy_hunts/,2024-03-06 10:55:20,28,How much money would you save with Jeremy Hunt‚Äôs 2p National Insurance cut? | The Independent,True,True
national insurance,1b7j176,https://www.reddit.com/r/ukpolitics/comments/1b7j176/national_insurance_cut_sparks_talk_of_may_general/,2024-03-05 22:41:55,32,National Insurance cut sparks talk of May general election,True,True
national insurance,1b72d1t,https://www.reddit.com/r/ukpolitics/comments/1b72d1t/jeremy_hunt_will_cut_national_insurance_by_2p_in/,2024-03-05 10:45:49,166,Jeremy Hunt will cut national insurance by 2p in the budget || Chancellor decides against tax cuts after OBR forecast,True,True
national insurance,1b164om,https://www.reddit.com/r/ukpolitics/comments/1b164om/jeremy_hunt_plans_national_insurance_cut_and_vape/,2024-02-27 07:32:03,5,Jeremy Hunt plans national insurance cut and vape tax for budget,True,True
national insurance,1adc2uj,https://www.reddit.com/r/ukpolitics/comments/1adc2uj/chancellor_considers_further_national_insurance/,2024-01-28 20:23:24,34,Chancellor considers further national insurance cut to take heat off Rishi Sunak,True,True
national insurance,18zwbev,https://www.reddit.com/r/ukpolitics/comments/18zwbev/today_we_cut_national_insurance_by_2/,2024-01-06 09:29:12,216,Today we cut National Insurance by 2%.,False,True
national insurance,180q2u4,https://www.reddit.com/r/ukpolitics/comments/180q2u4/jeremy_hunt_tax_cuts_include_national_insurance/,2023-11-21 20:07:15,133,Jeremy Hunt tax cuts include national insurance reduction for 28m,True,True
national insurance,x5ijfr,https://www.reddit.com/r/ukpolitics/comments/x5ijfr/paul_brand_on_twitter_liz_truss_says_it_is_fair/,2022-09-04 10:13:44,1714,Paul Brand on Twitter: Liz Truss says ‚Äúit is fair‚Äù that her national insurance cut will benefit the richest to the tune of about ¬£2k and do relatively little for the lowest paid. She argues there has been too much focus on the distribution of income in the past twenty years.,True,True
national insurance,wib44r,https://www.reddit.com/r/ukpolitics/comments/wib44r/liz_truss_will_seek_to_bring_in_national/,2022-08-07 09:50:08,91,Liz Truss will seek to bring in National Insurance cut immediately,True,True
national insurance,vvbxko,https://www.reddit.com/r/ukpolitics/comments/vvbxko/sajid_javid_and_jeremy_hunt_call_for_massive_tax/,2022-07-09 22:43:44,7,"Sajid Javid and Jeremy Hunt call for massive tax cuts - Ex-chancellor wants to scrap National Insurance rise, while helping businesses is former foreign secretary's priority",True,True
national insurance,vsgxsq,https://www.reddit.com/r/ukpolitics/comments/vsgxsq/millions_of_taxpayers_misled_over_national/,2022-07-06 05:06:03,18,Millions of taxpayers 'misled' over national insurance savings - here‚Äôs what you‚Äôll really pay,True,True
national insurance,u1vb5f,https://www.reddit.com/r/ukpolitics/comments/u1vb5f/a_quarter_of_voters_are_turned_off_from_backing/,2022-04-12 10:53:11,60,"A quarter of voters are turned off from backing the Tories by national insurance hike, poll shows",True,True
national insurance,txhcza,https://www.reddit.com/r/ukpolitics/comments/txhcza/boris_johnson_defends_tax_hike_as_national/,2022-04-06 09:25:46,17,Boris Johnson defends tax hike as national insurance rise comes into force National insurance contributions will increase by 1.25 percentage points on Wednesday to provide extra health funding.,True,True
poverty,1jlr5lv,https://www.reddit.com/r/ukpolitics/comments/1jlr5lv/there_are_serious_questions_about_labour_and/,2025-03-28 09:31:07,2,There are serious questions about Labour and poverty,True,True
poverty,1jlfetm,https://www.reddit.com/r/ukpolitics/comments/1jlfetm/uk_child_poverty_numbers_reach_a_record_high/,2025-03-27 22:15:14,21,UK child poverty numbers reach a record high,True,True
poverty,1jld4z6,https://www.reddit.com/r/ukpolitics/comments/1jld4z6/labours_austerity_cuts_will_push_250000_people/,2025-03-27 20:43:18,31,"Labour‚Äôs ‚Äòausterity cuts‚Äô will push ‚Äò250,000 people into poverty‚Äô",True,True
poverty,1jl2ok7,https://www.reddit.com/r/ukpolitics/comments/1jl2ok7/rachel_reeves_denies_welfare_reforms_will_push/,2025-03-27 12:25:11,5,"Rachel Reeves Denies Welfare Reforms Will Push 250,000 Into Poverty",True,True
poverty,1jl2nuu,https://www.reddit.com/r/ukpolitics/comments/1jl2nuu/child_poverty_hits_record_high_in_uk_with_nearly/,2025-03-27 12:24:02,31,Child poverty hits record high in UK with nearly 4.5 million in low income households,True,True
poverty,1jkzf7k,https://www.reddit.com/r/ukpolitics/comments/1jkzf7k/reevess_benefit_cuts_to_plunge_250000_people_into/,2025-03-27 08:45:19,37,"Reeves‚Äôs benefit cuts to plunge 250,000 people into poverty, government admits",True,True
poverty,1jkipy9,https://www.reddit.com/r/ukpolitics/comments/1jkipy9/labour_benefits_cuts_to_push_250000_people_into/,2025-03-26 18:22:07,47,"Labour benefits cuts to push 250,000 people into poverty",True,True
poverty,1jkgff8,https://www.reddit.com/r/ukpolitics/comments/1jkgff8/dwp_benefit_cuts_will_see_extra_50000_children/,2025-03-26 16:49:37,31,"DWP benefit cuts will see extra 50,000 children living in 'relative poverty'",True,True
poverty,1jkgc6j,https://www.reddit.com/r/ukpolitics/comments/1jkgc6j/carla_denyer_the_spring_statement_is_choosing_to/,2025-03-26 16:45:59,67,Carla Denyer: 'The Spring Statement is choosing to put thousands of kids in poverty',True,True
poverty,1jfaip4,https://www.reddit.com/r/ukpolitics/comments/1jfaip4/gordon_brown_aiming_to_end_poverty_with_multibank/,2025-03-19 23:03:01,7,Gordon Brown aiming to end poverty with Multibank project,True,True
poverty,1je2gyc,https://www.reddit.com/r/ukpolitics/comments/1je2gyc/over_85000_children_in_britain_living_in_extreme/,2025-03-18 11:11:10,5,"Over 85,000 children in Britain living in extreme poverty: 'There's a sense of hopelessness'",True,True
poverty,1j422xt,https://www.reddit.com/r/ukpolitics/comments/1j422xt/un_calls_on_labour_to_increase_benefits_and_scrap/,2025-03-05 12:36:34,1,UN calls on Labour to increase benefits and scrap two-child limit in UK poverty crisis warning,True,True
poverty,1j1fxi9,https://www.reddit.com/r/ukpolitics/comments/1j1fxi9/labour_must_target_deprived_areas_or_lose_out_to/,2025-03-02 01:59:46,34,"Labour must target deprived areas or lose out to Reform, says former minister | Poverty",True,True
poverty,1ikxz05,https://www.reddit.com/r/ukpolitics/comments/1ikxz05/labours_clean_energy_plan_will_not_only_cut/,2025-02-08 21:19:28,81,Labour‚Äôs clean energy plan will not only cut emissions but lift hundreds of thousands out of fuel poverty | Ed Miliband,True,True
poverty,1ihevdi,https://www.reddit.com/r/ukpolitics/comments/1ihevdi/winchester_mp_asks_government_to_publish_child/,2025-02-04 10:39:26,23,Winchester MP asks government to publish child poverty targets,True,True
poverty,1icpabl,https://www.reddit.com/r/ukpolitics/comments/1icpabl/joseph_rowntree_foundation_scotland_will_be_only/,2025-01-29 08:29:14,46,Joseph Rowntree Foundation: Scotland will be only part of UK where child poverty falls,True,True
poverty,1i6s6ow,https://www.reddit.com/r/ukpolitics/comments/1i6s6ow/disability_benefits_cuts_will_be_devastating_and/,2025-01-21 20:19:39,84,"Disability benefits cuts will be 'devastating' and 'increase poverty', Labour told",True,True
poverty,1huohqq,https://www.reddit.com/r/ukpolitics/comments/1huohqq/uk_charity_founded_by_gordon_brown_steps_up/,2025-01-06 02:29:17,21,UK charity founded by Gordon Brown steps up campaign against child hygiene poverty,True,True
poverty,1hlvktd,https://www.reddit.com/r/ukpolitics/comments/1hlvktd/one_million_families_with_children_face_fuel/,2024-12-25 06:46:15,14,"One million families with children face fuel poverty this Christmas, analysis shows",True,True
poverty,1haabqm,https://www.reddit.com/r/ukpolitics/comments/1haabqm/poverty_takes_years_off_your_life_men_in/,2024-12-09 14:00:03,152,'Poverty takes years off your life': Men in Blackpool now have lowest life expectancy in Britain,True,True
poverty,1h6xmsd,https://www.reddit.com/r/ukpolitics/comments/1h6xmsd/how_poverty_rate_is_higher_among_immigrants_if/,2024-12-05 01:47:49,23,How poverty rate is higher among immigrants if immigration requires proof of funds/income?,False,True
poverty,1gyp42m,https://www.reddit.com/r/ukpolitics/comments/1gyp42m/homeless_people_to_be_given_cash_in_first_major/,2024-11-24 11:40:15,44,Homeless people to be given cash in first major UK trial to reduce poverty,True,True
poverty,1gy2io5,https://www.reddit.com/r/ukpolitics/comments/1gy2io5/nappy_rationing_kids_without_beds_labours/,2024-11-23 15:45:36,18,"Nappy rationing, kids without beds - Labour‚Äôs 'frightening' child poverty problem",True,True
poverty,1gv3twj,https://www.reddit.com/r/ukpolitics/comments/1gv3twj/winter_fuel_cut_to_put_50000_pensioners_into/,2024-11-19 18:14:38,0,"Winter fuel cut to put 50,000 pensioners into relative poverty",True,True
poverty,1gv2wsi,https://www.reddit.com/r/ukpolitics/comments/1gv2wsi/winter_fuel_cut_100000_extra_pensioners_could_be/,2024-11-19 17:37:46,17,"Winter fuel cut: 100,000 extra pensioners could be in poverty by 2027, government modelling shows",True,True
poverty,1gubm5e,https://www.reddit.com/r/ukpolitics/comments/1gubm5e/more_than_one_in_three_children_in_poverty_as_uk/,2024-11-18 18:25:05,155,More than one in three children in poverty as UK deprivation hits record high,True,True
poverty,1gqh9vn,https://www.reddit.com/r/ukpolitics/comments/1gqh9vn/gordon_brown_were_seeing_poverty_i_never_thought/,2024-11-13 16:45:35,471,Gordon Brown: ‚ÄòWe‚Äôre seeing poverty I never thought I‚Äôd see again‚Äô,True,True
poverty,1gpqcpn,https://www.reddit.com/r/ukpolitics/comments/1gpqcpn/gordon_brown_twochild_benefit_cap_is_trapping/,2024-11-12 17:36:21,10,Gordon Brown: Two-child benefit cap is trapping families in poverty,True,True
poverty,1gfj35i,https://www.reddit.com/r/ukpolitics/comments/1gfj35i/im_a_pensioner_in_fuel_poverty_labour_is/,2024-10-30 10:12:03,0,"I‚Äôm a pensioner in fuel poverty, Labour is attacking older people",True,True
poverty,1g5b6c6,https://www.reddit.com/r/ukpolitics/comments/1g5b6c6/20000_renters_will_be_pulled_into_poverty_over/,2024-10-16 22:52:55,2,"20,000 renters will be 'pulled into poverty' over housing allowance freeze",True,True
poverty,1fzpra8,https://www.reddit.com/r/ukpolitics/comments/1fzpra8/record_93m_face_hunger_and_hardship_in_uk/,2024-10-09 13:03:21,66,Record 9.3m face hunger and hardship in UK - anti-poverty charity,True,True
poverty,1fy62xp,https://www.reddit.com/r/ukpolitics/comments/1fy62xp/minister_failing_to_act_to_reduce_poverty_report/,2024-10-07 13:11:15,20,Minister failing to act to reduce poverty - report,True,True
poverty,1fy114p,https://www.reddit.com/r/ukpolitics/comments/1fy114p/at_least_10000_children_have_fallen_into_poverty/,2024-10-07 07:13:45,0,"At least 10,000 children have fallen into poverty under Labour, analysis finds",True,True
poverty,1fex21m,https://www.reddit.com/r/ukpolitics/comments/1fex21m/i_turned_to_food_banksthe_pensioners_forced_into/,2024-09-12 08:48:03,0,"‚ÄòI turned to food banks‚Äô:The pensioners forced into poverty amid winter fuel cut
",True,True
poverty,1fegbmn,https://www.reddit.com/r/ukpolitics/comments/1fegbmn/disabled_benefit_cuts_would_plunge_disabled/,2024-09-11 18:45:20,80,Disabled benefit cuts would plunge disabled people deep into poverty,True,True
poverty,1fd0day,https://www.reddit.com/r/ukpolitics/comments/1fd0day/770000_pensioners_in_poverty_to_miss_out_on/,2024-09-09 22:00:23,15,"770,000 pensioners in poverty to miss out on winter fuel payments",True,True
poverty,1f68rx8,https://www.reddit.com/r/ukpolitics/comments/1f68rx8/scrapping_twochild_benefit_limit_would_still/,2024-09-01 08:24:20,30,"Scrapping two-child benefit limit ‚Äòwould still leave 100,000 young Britons in poverty‚Äô ",True,True
poverty,1f5hc6x,https://www.reddit.com/r/ukpolitics/comments/1f5hc6x/nhs_nurses_from_overseas_pushed_into_poverty_by/,2024-08-31 08:01:22,71,NHS nurses from overseas ‚Äòpushed into poverty‚Äô by UK welfare rules | Exclusive: nursing body says staff are being punished by benefits policy for those on temporary visas,True,True
poverty,1ex0thh,https://www.reddit.com/r/ukpolitics/comments/1ex0thh/im_a_former_minister_ending_pensioner_poverty/,2024-08-20 17:57:54,0,I‚Äôm a former minister ‚Äì ending pensioner poverty would take one change,True,True
poverty,1ekl5b4,https://www.reddit.com/r/ukpolitics/comments/1ekl5b4/to_what_degree_if_any_did_poverty_and_wealth/,2024-08-05 12:13:45,47,To what degree (if any) did poverty and wealth inequality cause these riots?,False,True
poverty,1eb7f1z,https://www.reddit.com/r/ukpolitics/comments/1eb7f1z/my_vote_was_a_plea_for_labour_to_tackle_child/,2024-07-24 18:34:42,0,My vote was a plea for Labour to tackle child poverty. Its response? To suspend me | John McDonnell,True,True
poverty,1eaz040,https://www.reddit.com/r/ukpolitics/comments/1eaz040/by_disciplining_mps_for_voting_to_pull_children/,2024-07-24 12:23:05,0,"By disciplining MPs for voting to pull children out of poverty, Keir Starmer has shown us who he really is | Owen Jones",True,True
poverty,1eay26x,https://www.reddit.com/r/ukpolitics/comments/1eay26x/abolishing_the_twochild_limit_is_just_the/,2024-07-24 11:28:25,7,Abolishing the two-child limit is just the beginning of a strategy to tackle child poverty | LSE British Politics and Policy blog,False,True
poverty,1e8qd3s,https://www.reddit.com/r/ukpolitics/comments/1e8qd3s/nobody_can_be_entirely_impartial_lewis_goodall_on/,2024-07-21 17:34:46,54,"‚ÄòNobody can be entirely impartial‚Äô: Lewis Goodall on poverty, politics and the BBC",True,True
poverty,1e8fhda,https://www.reddit.com/r/ukpolitics/comments/1e8fhda/gordon_brown_launches_londons_first_multibank/,2024-07-21 06:57:08,291,Gordon Brown launches London‚Äôs first ‚Äòmultibank‚Äô amid UK child poverty fears ,True,True
poverty,1dtgd7e,https://www.reddit.com/r/ukpolitics/comments/1dtgd7e/how_does_labour_want_to_tackle_poverty/,2024-07-02 08:55:50,5,How does Labour want to tackle poverty?,True,True
poverty,1dqh0vp,https://www.reddit.com/r/ukpolitics/comments/1dqh0vp/rishi_sunak_tells_the_big_issue_that_work_is_the/,2024-06-28 12:05:20,119,Rishi Sunak tells the Big Issue that work is the best way out of poverty,True,True
poverty,1do94bo,https://www.reddit.com/r/ukpolitics/comments/1do94bo/the_tory_record_on_welfare_pip_changes_child/,2024-06-25 16:43:43,9,"The Tory record on welfare: PIP changes, child poverty and pensioner protection",True,True
poverty,1dnyk3a,https://www.reddit.com/r/ukpolitics/comments/1dnyk3a/low_wages_under_tories_have_pushed_900000_uk/,2024-06-25 06:36:49,168,"Low wages under Tories have pushed 900,000 UK children into poverty, report finds",True,True
poverty,1dl5ayz,https://www.reddit.com/r/ukpolitics/comments/1dl5ayz/do_the_reform_party_care_about_poverty_and_poor/,2024-06-21 15:26:39,0,Do the Reform party care about poverty and poor people?,False,True
